id_book,page,start_time,duration,total_pages
1,2,1704186636,21,337
1,7,1704186665,80,337
1,24,1704186747,120,306
1,22,1704186905,6,281
1,22,1704186920,120,290
1,22,1704187084,120,290
1,22,1704188393,35,290
2,2,1704188864,5,354
2,10,1704265006,120,354
2,1,1704317318,69,354
2,5,1704317425,27,336
2,6,1704317452,7,336
2,7,1704317459,103,336
2,7,1704317566,24,343
2,8,1704317590,10,343
2,10,1704317602,5,343
2,11,1704317607,8,343
2,12,1704317615,17,343
2,13,1704317632,41,343
2,14,1704317673,70,343
2,15,1704317743,39,343
2,15,1704317800,7,343
2,16,1704317782,18,343
2,17,1704317809,93,343
2,18,1704317905,54,343
2,19,1704317959,12,343
2,20,1704317971,64,343
2,21,1704318035,120,343
2,22,1704318166,35,343
2,23,1704318205,67,343
2,24,1704318272,91,343
2,25,1704318363,83,343
2,26,1704318446,68,343
2,32,1704318963,29,343
2,32,1704318997,80,343
2,30,1704318703,6,343
2,30,1704318800,5,343
2,30,1704318810,56,343
2,29,1704318688,15,343
2,29,1704318709,91,343
2,28,1704318630,55,343
2,26,1704318559,15,343
2,33,1704319077,49,343
2,27,1704318514,45,343
2,27,1704318574,56,343
2,31,1704318866,95,343
2,34,1704403868,14,343
2,34,1704403883,58,343
2,34,1704403948,18,343
2,35,1704403966,54,343
2,36,1704404020,13,343
2,37,1704404033,38,343
2,38,1704404071,40,343
2,39,1704404111,39,343
2,40,1704404150,10,343
2,40,1704404161,18,343
2,41,1704404189,46,343
2,42,1704404235,29,343
2,43,1704404264,18,343
2,44,1704404289,26,343
2,45,1704404315,27,343
2,46,1704404342,35,343
2,47,1704404377,116,343
2,48,1704404493,21,343
2,49,1704404514,21,343
2,50,1704404535,62,343
2,51,1704404597,21,343
2,51,1704404620,18,343
2,52,1704404638,31,343
2,53,1704404669,23,343
2,54,1704404692,120,343
2,55,1704404862,49,343
2,64,1704405593,5,343
2,64,1704405603,79,343
2,62,1704405426,120,343
2,58,1704405108,120,343
2,56,1704404911,120,343
2,63,1704405548,41,343
2,63,1704405598,5,343
2,63,1704405682,5,343
2,60,1704405327,40,343
2,59,1704405239,88,343
2,61,1704405367,59,343
2,57,1704405086,22,343
2,71,1704493033,120,343
2,72,1704493198,37,343
2,68,1704492751,26,343
2,65,1704492519,71,343
2,69,1704492780,93,343
2,70,1704492873,120,343
2,67,1704492648,103,343
2,66,1704492590,58,343
2,73,1704493235,120,343
2,77,1704531072,10,343
2,76,1704531055,17,343
2,76,1704531082,100,343
2,74,1704530966,64,343
2,75,1704531030,25,343
2,80,1704580054,36,343
2,76,1704579757,30,343
2,83,1704580270,120,343
2,79,1704580006,48,343
2,82,1704580190,73,343
2,74,1704579496,12,343
2,74,1704579514,6,343
2,74,1704579536,86,343
2,74,1704579624,13,343
2,78,1704579864,120,343
2,73,1704579520,16,343
2,81,1704580090,93,343
2,75,1704579637,115,343
2,77,1704579787,77,343
2,88,1704580598,120,343
2,84,1704580398,29,343
2,95,1704581099,65,343
2,91,1704580934,22,343
2,87,1704580480,36,343
2,87,1704580517,81,343
2,92,1704580956,44,343
2,90,1704580873,61,343
2,86,1704580448,32,343
2,97,1704581247,67,343
2,94,1704581053,46,343
2,89,1704580722,120,343
2,85,1704580427,21,343
2,93,1704581000,53,343
2,96,1704581164,41,343
2,96,1704581208,39,343
2,98,1704581314,23,343
2,97,1704662903,46,343
2,98,1704662852,48,343
2,98,1704662949,120,343
2,105,1704663835,63,343
2,103,1704663675,67,343
2,106,1704663898,105,343
2,98,1704663331,5,343
2,107,1704664003,68,343
2,101,1704663539,28,343
2,108,1704664078,120,343
2,99,1704663301,30,343
2,99,1704663336,69,343
2,99,1704663407,43,343
2,104,1704663742,93,343
2,100,1704663450,89,343
2,100,1704663567,67,343
2,102,1704663637,38,343
2,109,1704664249,111,343
2,109,1704664362,63,343
2,114,1704664674,49,343
2,110,1704664425,83,343
2,115,1704664723,94,343
2,111,1704664508,8,343
2,111,1704664519,54,343
2,116,1704664817,87,343
2,112,1704664573,34,343
2,113,1704664607,67,343
2,122,1704749783,43,343
2,118,1704749491,85,343
2,123,1704749826,90,343
2,119,1704749576,108,343
2,126,1704750005,107,343
2,125,1704749940,65,343
2,120,1704749689,52,343
2,116,1704749266,53,343
2,116,1704749326,20,343
2,124,1704749916,24,343
2,121,1704749741,42,343
2,117,1704749174,88,343
2,117,1704749319,7,343
2,117,1704749346,120,343
2,132,1704750441,36,343
2,133,1704750477,91,343
2,141,1704750852,120,343
2,134,1704750568,31,343
2,140,1704750839,13,343
2,127,1704750112,76,343
2,139,1704750810,29,343
2,136,1704750721,13,343
2,136,1704750736,43,343
2,128,1704750188,73,343
2,129,1704750261,58,343
2,138,1704750798,12,343
2,130,1704750319,66,343
2,137,1704750779,19,343
2,131,1704750388,32,343
2,131,1704750422,19,343
2,135,1704750599,120,343
2,142,1704836134,120,343
2,142,1704836441,56,343
2,141,1704922953,32,343
2,140,1704923150,21,343
2,141,1704923007,16,343
2,141,1704923171,120,343
2,141,1704923375,109,343
2,134,1704923075,6,343
2,145,1704923888,15,343
2,144,1704923779,109,343
2,136,1704923037,21,343
2,137,1704923058,6,343
2,143,1704923571,19,343
2,143,1704923596,120,343
2,139,1704923026,6,343
2,139,1704923090,60,343
2,142,1704923484,87,343
2,147,1704923935,99,343
2,146,1704923903,32,343
2,153,1704924459,59,343
2,152,1704924384,6,343
2,152,1704924400,59,343
2,151,1704924329,55,343
2,151,1704924390,10,343
2,150,1704924188,120,343
2,149,1704924166,22,343
2,148,1704924034,120,343
2,155,1705009017,114,343
2,154,1705008695,92,343
2,154,1705008822,10,343
2,154,1705008855,120,343
2,153,1705008787,33,343
2,153,1705008832,23,343
2,160,1705009395,80,343
2,159,1705009310,85,343
2,163,1705009598,85,343
2,158,1705009228,76,343
2,162,1705009499,99,343
2,157,1705009154,74,343
2,161,1705009475,24,343
2,156,1705009131,23,343
2,170,1705010223,40,343
2,169,1705010114,109,343
2,168,1705010011,103,343
2,167,1705009963,48,343
2,166,1705009810,120,343
2,165,1705009746,64,343
2,164,1705009683,63,343
2,172,1705010313,95,343
2,171,1705010263,50,343
2,173,1705096009,120,343
2,178,1705096690,16,343
2,179,1705096706,44,343
2,176,1705096595,72,343
2,177,1705096667,23,343
2,175,1705096515,71,343
2,182,1705096913,55,343
2,174,1705096299,120,343
2,183,1705096968,29,343
2,173,1705096192,107,343
2,180,1705096750,30,343
2,185,1705097014,67,343
2,185,1705097083,54,343
2,181,1705096780,100,343
2,181,1705096883,30,343
2,184,1705096997,17,343
2,186,1705097137,94,343
2,186,1705097343,9,343
2,187,1705097231,99,343
2,187,1705097355,32,343
2,188,1705097330,10,343
2,188,1705097387,82,343
2,189,1705097469,83,343
2,190,1705097552,17,343
2,191,1705144568,27,343
2,191,1705144770,85,343
2,191,1705145353,42,343
2,191,1705145593,22,343
2,191,1705145620,37,343
2,191,1705147120,63,343
2,197,1705147185,71,356
2,198,1705147256,5,356
2,203,1705183425,47,356
2,208,1705183825,74,356
2,200,1705183305,33,356
2,201,1705183338,31,356
2,198,1705183225,31,356
2,199,1705183256,49,356
2,205,1705183519,80,356
2,204,1705183472,47,356
2,207,1705183758,67,356
2,197,1705182801,120,356
2,206,1705183599,120,356
2,202,1705183369,56,356
2,209,1705183899,120,356
2,216,1705184413,28,356
2,211,1705184234,7,356
2,223,1705184728,85,356
2,210,1705184114,90,356
2,210,1705184206,28,356
2,222,1705184674,54,356
2,213,1705184304,25,356
2,221,1705184634,40,356
2,212,1705184241,63,356
2,220,1705184619,15,356
2,215,1705184375,38,356
2,219,1705184551,68,356
2,214,1705184335,40,356
2,218,1705184496,55,356
2,217,1705184441,55,356
2,224,1705215711,92,356
2,227,1705215887,52,356
2,226,1705215853,34,356
2,229,1705215972,26,356
2,228,1705215939,33,356
2,231,1705216015,49,356
2,230,1705215998,17,356
2,225,1705215803,50,356
2,232,1705216064,17,356
2,235,1705216247,22,356
2,234,1705216136,111,356
2,238,1705216476,39,356
2,233,1705216101,35,356
2,237,1705216286,120,356
2,236,1705216269,17,356
2,241,1705261104,54,356
2,242,1705261158,60,356
2,243,1705261218,33,356
2,244,1705261251,110,356
2,245,1705261361,39,356
2,239,1705261009,26,356
2,246,1705261400,31,356
2,247,1705261431,29,356
2,240,1705261035,64,356
2,249,1705267715,102,356
2,250,1705267817,57,356
2,251,1705267874,35,356
2,252,1705267909,19,356
2,260,1705268451,120,356
2,253,1705267928,24,356
2,248,1705267538,72,356
2,248,1705267626,89,356
2,254,1705267952,36,356
2,258,1705268222,82,356
2,255,1705267988,63,356
2,256,1705268051,52,356
2,256,1705268131,11,356
2,257,1705267620,6,356
2,257,1705268103,28,356
2,257,1705268158,64,356
2,259,1705267614,5,356
2,259,1705268304,120,356
2,261,1705268571,76,356
2,262,1705268647,29,356
2,263,1705268676,117,356
2,264,1705268793,29,356
2,265,1705268822,112,356
2,266,1705268934,30,356
2,267,1705268964,56,356
2,268,1705269020,39,356
2,276,1705354918,19,356
2,277,1705354937,71,356
2,278,1705355008,72,356
2,279,1705355080,91,356
2,280,1705355171,33,356
2,281,1705355204,25,356
2,282,1705355229,120,356
2,269,1705354521,51,356
2,269,1705354573,11,356
2,270,1705354584,38,356
2,271,1705354622,81,356
2,272,1705354703,39,356
2,273,1705354742,45,356
2,274,1705354790,89,356
2,275,1705354879,39,356
2,292,1705356233,76,356
2,293,1705356309,78,356
2,283,1705355452,44,356
2,284,1705355496,46,356
2,285,1705355542,88,356
2,286,1705355630,28,356
2,287,1705355658,109,356
2,287,1705355796,11,356
2,291,1705356142,91,356
2,288,1705355767,15,356
2,288,1705355814,120,356
2,289,1705355979,120,356
2,290,1705356122,20,356
2,297,1705356550,99,356
2,296,1705356483,67,356
2,295,1705356444,39,356
2,294,1705356387,57,356
2,299,1705440851,120,356
2,298,1705440561,52,356
2,298,1705440810,41,356
2,297,1705440613,80,356
2,297,1705440739,71,356
2,296,1705440697,42,356
2,304,1705441373,110,356
2,304,1705441491,33,356
2,303,1705441240,120,356
2,303,1705441483,8,356
2,302,1705441174,66,356
2,301,1705441066,108,356
2,300,1705441016,50,356
2,311,1705441926,46,356
2,310,1705441791,120,356
2,309,1705441764,27,356
2,308,1705441691,73,356
2,307,1705441618,73,356
2,306,1705441583,35,356
2,305,1705441524,59,356
2,315,1705527716,39,356
2,314,1705527659,57,356
2,313,1705527538,21,356
2,313,1705527604,55,356
2,312,1705527447,60,356
2,312,1705527559,45,356
2,311,1705527507,28,356
2,324,1705528353,80,356
2,322,1705528243,60,356
2,323,1705528303,50,356
2,320,1705528074,22,356
2,321,1705528096,120,356
2,319,1705528020,54,356
2,318,1705527920,100,356
2,317,1705527801,119,356
2,316,1705527755,46,356
2,325,1705528433,120,356
2,326,1705528576,120,356
2,331,1705528853,95,356
2,328,1705528733,67,356
2,329,1705528800,34,356
2,338,1705529249,52,356
2,336,1705529195,31,356
2,337,1705529226,23,356
2,334,1705529102,23,356
2,335,1705529125,70,356
2,332,1705528948,115,356
2,333,1705529063,39,356
2,330,1705528834,19,356
2,339,1705611791,120,356
2,339,1705611950,12,356
2,340,1705611962,88,356
2,341,1705612050,25,356
2,341,1705612078,66,356
2,342,1705612144,120,356
2,448,1705612307,6,470
2,449,1705612298,9,470
2,447,1705612313,34,470
2,347,1705612579,19,356
2,344,1705612418,41,356
2,344,1705612464,64,356
2,345,1705612528,26,356
2,343,1705612349,69,356
2,353,1705612909,46,356
2,352,1705612805,104,356
2,355,1705613043,58,356
2,354,1705612955,88,356
2,350,1705612718,46,356
2,351,1705612764,41,356
2,348,1705612598,38,356
2,349,1705612636,82,356
2,346,1705612554,25,356
2,356,1705613101,42,356
1,2,1705613210,16,306
1,3,1705613226,17,306
1,4,1705613243,11,306
1,8,1705613269,120,306
1,9,1705613396,112,306
3,1,1706046819,5,655
3,23,1706046854,42,655
3,24,1706046896,40,655
3,24,1706047033,15,655
3,25,1706046936,81,655
3,25,1706047048,14,655
3,26,1706047062,71,655
3,27,1706047138,58,676
3,28,1706047196,63,676
3,29,1706047259,87,676
3,32,1706047350,27,676
3,33,1706047377,85,676
3,34,1706047462,9,676
3,36,1706047475,20,676
3,37,1706047495,40,676
3,38,1706047535,62,676
3,39,1706047597,106,676
3,40,1706047703,86,676
3,41,1706047789,87,676
3,42,1706047876,19,676
3,43,1706047895,41,676
3,44,1706047936,60,676
3,45,1706047996,62,676
3,46,1706048058,44,676
3,47,1706048102,107,676
3,55,1706133897,50,676
3,55,1706133951,39,676
3,51,1706133496,120,676
3,58,1706134185,75,676
3,56,1706133990,118,676
3,52,1706133631,93,676
3,50,1706133412,84,676
3,54,1706133785,112,676
3,49,1706133343,69,676
3,53,1706133724,61,676
3,57,1706134108,77,676
3,60,1706134301,68,676
3,63,1706134502,120,676
3,61,1706134369,71,676
3,64,1706134642,32,676
3,62,1706134440,62,676
3,59,1706134260,41,676
3,71,1706219577,69,676
3,71,1706219670,57,676
3,72,1706219727,120,676
3,68,1706219381,47,676
3,65,1706219117,114,676
3,65,1706219236,6,676
3,69,1706219428,68,676
3,74,1706219986,120,676
3,70,1706219496,81,676
3,70,1706219646,24,676
3,67,1706219302,79,676
3,66,1706219231,5,676
3,66,1706219242,60,676
3,73,1706219894,92,676
3,80,1706220668,8,676
3,80,1706220677,106,676
3,75,1706220155,83,676
3,75,1706220244,37,676
3,76,1706220281,120,676
3,82,1706220859,120,676
3,79,1706220627,41,676
3,78,1706220490,120,676
3,77,1706220418,72,676
3,81,1706220783,76,676
3,84,1706251235,63,676
3,85,1706251298,120,676
3,83,1706251143,92,676
3,88,1706307027,120,676
3,91,1706307349,111,676
3,87,1706306974,53,676
3,90,1706307235,114,676
3,86,1706306851,120,676
3,92,1706307460,99,676
3,95,1706307747,120,676
3,93,1706307559,117,676
3,94,1706307676,58,676
3,94,1706307737,10,676
3,89,1706307182,53,676
3,96,1706393128,120,676
3,96,1706393422,6,676
3,96,1706393488,8,676
1,9,1706737071,40,306
1,9,1706737115,17,306
1,10,1706737132,90,306
1,11,1706737222,64,306
1,10,1706737307,17,317
1,11,1706737324,120,317
1,12,1706737452,81,317
1,13,1706737533,63,317
1,14,1706737596,93,317
1,15,1706737689,18,317
1,15,1706737709,70,317
1,16,1706737779,77,317
1,17,1706737856,120,317
1,18,1706737978,120,317
1,19,1706738108,12,317
1,20,1706738120,103,317
1,21,1706738223,115,317
1,22,1706822615,41,317
1,24,1706822657,28,351
1,25,1706822685,60,351
1,26,1706822745,85,351
1,27,1706822830,120,351
1,28,1706822956,120,351
1,29,1706823078,120,351
1,30,1706823419,59,351
1,31,1706823478,120,351
1,33,1706823975,120,351
1,32,1706823888,87,351
1,38,1706824550,120,351
1,37,1706824489,9,351
1,37,1706824501,49,351
1,35,1706824306,72,351
1,35,1706824382,10,351
1,34,1706824149,120,351
1,36,1706824392,97,351
1,40,1706858398,54,351
1,39,1706858254,120,351
1,41,1706858512,61,353
1,40,1706858454,58,353
1,42,1706858573,120,353
1,42,1706858723,30,353
1,43,1706858753,42,353
1,44,1706858795,78,353
1,45,1706858873,120,353
1,46,1706859036,35,353
1,47,1706859075,42,353
1,48,1706859117,25,353
1,49,1706859142,54,353
1,50,1706859196,64,353
1,51,1706859260,33,353
1,52,1706859293,38,353
1,53,1706859331,55,353
1,54,1706859386,85,353
1,55,1706859471,31,353
1,56,1706859502,38,353
1,57,1706859540,55,353
1,58,1706859595,51,353
1,67,1706910389,46,353
1,68,1706910435,119,353
1,64,1706910360,12,353
1,60,1706910034,15,353
1,60,1706910065,58,353
1,65,1706910372,5,353
1,63,1706910311,49,353
1,66,1706910377,12,353
1,62,1706910226,85,353
1,61,1706910123,103,353
1,59,1706909890,120,353
1,59,1706910049,16,353
1,88,1706911392,7,353
1,80,1706911286,31,353
1,72,1706910758,17,353
1,91,1706911427,120,353
1,75,1706910897,62,353
1,90,1706911400,27,353
1,74,1706910792,105,353
1,70,1706910664,34,353
1,77,1706911073,110,353
1,71,1706910698,55,353
1,84,1706911374,9,353
1,76,1706910959,114,353
1,68,1706910555,46,353
1,79,1706911203,83,353
1,69,1706910601,63,353
1,86,1706911385,5,353
1,78,1706911183,20,353
1,81,1706911317,51,353
1,73,1706910775,17,353
1,92,1706911556,12,353
1,97,1706911757,75,353
1,93,1706911568,11,353
1,95,1706911657,57,353
1,94,1706911579,78,353
1,98,1706911832,111,353
1,96,1706911714,43,353
1,102,1706912039,37,353
1,98,1706911944,18,353
1,98,1706911963,8,353
1,101,1706912021,18,353
1,104,1706912087,8,353
1,100,1706911989,32,353
1,99,1706911971,18,353
1,105,1706997789,64,353
3,99,1706998233,29,676
3,99,1706998265,36,676
3,95,1706997901,26,676
3,95,1706997949,20,676
3,102,1706998641,120,676
3,101,1706998492,120,676
3,97,1706998033,120,676
3,98,1706998157,76,676
3,100,1706998301,120,676
3,96,1706997864,37,676
3,96,1706997927,22,676
3,96,1706997969,64,676
3,103,1706998780,74,676
3,103,1706998855,37,676
3,121,1706998893,64,781
3,121,1706998959,15,781
3,122,1706999435,58,781
3,107,1706999617,120,676
3,110,1707000046,107,676
3,109,1706999900,120,676
3,108,1706999750,120,676
3,105,1706999494,45,676
3,106,1706999539,78,676
3,109,1707082389,5,676
3,114,1707082671,120,676
3,115,1707082887,120,676
3,111,1707082281,104,676
3,111,1707082396,71,676
3,116,1707083010,120,676
3,112,1707082467,33,676
3,112,1707082504,43,676
3,117,1707083192,120,676
3,113,1707082547,120,676
3,122,1707083848,8,676
3,122,1707083858,6,676
3,122,1707083866,118,676
3,118,1707083334,120,676
3,123,1707083984,100,676
3,119,1707083491,120,676
3,124,1707084084,120,676
3,121,1707083721,120,676
3,125,1707084216,110,676
3,120,1707083613,108,676
3,127,1707084412,89,676
3,126,1707084330,82,676
3,132,1707169624,120,676
3,133,1707169756,120,676
3,134,1707169888,100,676
3,135,1707169988,120,676
3,128,1707169182,61,676
3,129,1707169250,10,676
3,129,1707169262,120,676
3,130,1707169422,65,676
3,131,1707169492,120,676
3,136,1707254886,120,676
3,137,1707255178,120,676
3,142,1707255913,120,676
3,138,1707255358,22,676
3,138,1707255384,58,676
3,141,1707255796,117,676
3,139,1707255442,120,676
3,140,1707255610,120,676
3,147,1707256544,62,676
3,149,1707256691,64,676
3,146,1707256473,71,676
3,148,1707256606,85,676
3,145,1707256444,10,676
3,145,1707256464,9,676
3,143,1707256135,120,676
3,144,1707256284,75,676
3,144,1707256361,83,676
3,144,1707256454,10,676
3,155,1707341810,118,676
3,154,1707341717,74,676
3,154,1707341795,13,676
3,153,1707341639,78,676
3,152,1707341564,67,676
3,151,1707341414,120,676
3,150,1707341326,88,676
3,157,1707342150,120,676
3,156,1707341928,120,676
3,159,1707342666,87,676
3,161,1707342886,120,676
3,160,1707342753,120,676
3,158,1707342317,120,676
3,162,1707427828,120,676
3,168,1707428661,120,676
3,165,1707428185,120,676
3,167,1707428536,120,676
3,164,1707428107,78,676
3,166,1707428326,49,676
3,166,1707428377,120,676
3,163,1707428030,77,676
3,170,1707429073,109,676
3,169,1707428828,43,676
3,169,1707428896,120,676
3,168,1707428871,25,676
3,175,1707429635,120,676
3,174,1707429488,120,676
3,173,1707429336,120,676
3,172,1707429265,6,676
3,172,1707429274,62,676
3,171,1707429182,83,676
3,178,1707515219,120,676
3,179,1707515353,63,676
3,176,1707514989,120,676
3,177,1707515157,62,676
3,182,1707515670,120,676
3,183,1707515804,111,676
3,180,1707515421,120,676
3,181,1707515585,85,676
3,184,1707515915,97,676
3,186,1707516178,71,676
3,185,1707516012,120,676
3,195,1707603830,49,676
3,187,1707602985,66,676
3,192,1707603475,120,676
3,193,1707603605,120,676
3,190,1707603297,119,676
3,190,1707603432,6,676
3,191,1707603416,16,676
3,191,1707603438,37,676
3,188,1707603051,120,676
3,196,1707603879,35,676
3,194,1707603745,85,676
3,189,1707603176,120,676
3,196,1707603918,27,676
3,201,1707604315,120,676
3,197,1707603945,107,676
3,200,1707604191,120,676
3,198,1707604052,51,676
3,199,1707604103,88,676
3,203,1707687744,120,676
3,205,1707688071,13,676
3,205,1707688086,48,676
3,202,1707687565,120,676
3,204,1707687908,120,676
3,241,1707688295,88,781
3,239,1707688135,65,781
3,239,1707688208,7,781
3,240,1707688200,8,781
3,240,1707688215,10,781
3,240,1707688226,69,781
3,208,1707688402,86,676
3,211,1707688730,101,676
3,210,1707688605,120,676
3,213,1707688979,120,676
3,207,1707688384,18,676
3,212,1707688831,120,676
3,215,1707689229,90,676
3,214,1707689111,118,676
3,209,1707688488,42,676
3,209,1707688534,71,676
3,216,1707774370,120,676
2,1,1707774693,10,356
2,2,1707774703,29,356
2,3,1707774732,9,356
2,4,1707774741,71,356
2,5,1707774812,85,356
2,6,1707774897,120,356
2,356,1707774677,16,356
2,8,1707775026,9,470
2,9,1707775035,96,470
2,10,1707775131,25,470
2,11,1707775156,28,470
2,11,1707775186,29,470
2,11,1707775216,120,470
2,8,1707775355,76,336
2,9,1707775431,7,336
2,12,1707775440,17,336
2,88,1707775457,77,336
2,92,1707775611,54,347
2,99,1707776203,102,347
2,95,1707775907,36,347
2,98,1707776119,10,347
2,98,1707776130,73,347
2,102,1707776414,27,347
2,90,1707775536,33,347
2,101,1707776364,50,347
2,97,1707775999,114,347
2,91,1707775569,42,347
2,93,1707775665,120,347
2,94,1707775826,81,347
2,100,1707776305,59,347
2,96,1707775943,56,347
2,105,1707860701,31,347
2,103,1707860427,120,347
2,110,1707861224,120,347
2,107,1707860879,70,347
2,104,1707860649,52,347
2,111,1707861351,52,347
2,108,1707860949,120,347
2,106,1707860732,120,347
2,109,1707861083,120,347
2,114,1707861583,104,347
2,112,1707861403,65,347
2,113,1707861468,115,347
2,115,1707861687,89,347
2,118,1707940099,64,347
2,118,1707940174,12,347
2,118,1707940188,45,347
2,118,1707940234,5,347
2,116,1707939846,120,347
2,116,1707939981,8,347
2,116,1707939990,6,347
2,117,1707939996,9,347
2,117,1707940008,48,347
2,117,1707940058,5,347
2,117,1707940064,11,347
2,117,1707940076,23,347
2,119,1707940239,120,347
2,120,1707946091,115,347
2,121,1707946206,30,347
2,135,1707946239,14,383
2,136,1707946253,44,383
2,155,1707946712,22,405
2,154,1707946653,41,405
2,154,1707946695,17,405
2,153,1707946576,77,405
2,152,1707946495,81,405
2,151,1707946444,51,405
2,150,1707946360,84,405
2,149,1707946351,9,405
2,148,1707946315,36,405
2,162,1707946952,31,405
2,161,1707946931,21,405
2,168,1707947133,105,405
2,167,1707947078,27,405
2,167,1707947108,25,405
2,160,1707946871,33,405
2,160,1707946905,26,405
2,166,1707947051,27,405
2,159,1707946834,37,405
2,164,1707946999,49,405
2,158,1707946790,44,405
2,163,1707946983,16,405
2,157,1707946762,28,405
2,147,1707946299,16,405
2,156,1707946734,28,405
2,170,1707947416,120,405
2,171,1707947585,34,405
2,169,1707947238,120,405
2,178,1708033156,26,405
2,179,1708033182,86,405
2,176,1708032929,120,405
2,177,1708033073,83,405
2,175,1708032885,44,405
2,182,1708033522,68,405
2,174,1708032849,32,405
2,183,1708033590,120,405
2,173,1708032813,36,405
2,180,1708033268,120,405
2,172,1708032739,67,405
2,181,1708033409,105,405
2,181,1708033517,5,405
2,186,1708120541,44,405
2,187,1708120585,44,405
2,184,1708120493,24,405
2,198,1708121233,62,405
2,199,1708121295,42,405
2,196,1708121034,120,405
2,197,1708121174,59,405
2,194,1708120978,47,405
2,195,1708121025,9,405
2,192,1708120855,65,405
2,193,1708120920,58,405
2,190,1708120747,95,405
2,191,1708120842,13,405
2,188,1708120629,53,405
2,200,1708121337,72,405
2,189,1708120682,62,405
2,185,1708120517,24,405
2,203,1708121457,31,405
2,208,1708121722,74,405
2,201,1708121409,32,405
2,206,1708121611,79,405
2,207,1708121690,32,405
2,204,1708121488,49,405
2,205,1708121537,74,405
2,202,1708121441,16,405
2,216,1708122566,87,405
2,211,1708122354,24,405
2,210,1708122274,80,405
2,213,1708122415,30,405
2,212,1708122378,37,405
2,219,1708122677,6,405
2,215,1708122485,81,405
2,218,1708122664,13,405
2,214,1708122445,40,405
2,217,1708122653,11,405
2,209,1708122214,60,405
2,224,1708209052,60,405
2,227,1708209174,29,405
2,219,1708208526,40,405
2,219,1708208583,38,405
2,222,1708208885,120,405
2,218,1708208495,31,405
2,231,1708209332,120,405
2,221,1708208714,120,405
2,230,1708209261,71,405
2,220,1708208566,17,405
2,220,1708208624,90,405
2,229,1708209224,37,405
2,223,1708209020,32,405
2,228,1708209203,21,405
2,225,1708209112,38,405
2,226,1708209150,24,405
2,241,1708210286,98,405
2,235,1708209929,66,405
2,234,1708209864,65,405
2,237,1708210034,20,405
2,236,1708209995,39,405
2,239,1708210135,66,405
2,238,1708210054,81,405
2,233,1708209849,15,405
2,240,1708210201,85,405
2,232,1708209788,61,405
2,249,1708292186,58,405
2,250,1708292244,38,405
2,251,1708292282,16,405
2,244,1708292008,12,405
2,245,1708292020,44,405
2,246,1708292064,71,405
2,247,1708292135,32,405
2,256,1708292525,38,405
2,257,1708292563,46,405
2,259,1708292720,71,405
2,260,1708292791,57,405
2,242,1708291923,36,405
2,243,1708291959,49,405
2,252,1708292298,8,405
2,253,1708292306,95,405
2,254,1708292401,55,405
2,255,1708292456,69,405
2,248,1708292167,19,405
2,258,1708292609,111,405
2,261,1708292848,28,405
2,262,1708292876,68,405
2,263,1708292944,49,405
2,276,1708379593,50,405
2,277,1708379643,22,405
2,278,1708379665,26,405
2,279,1708379691,31,405
2,264,1708378888,120,405
2,265,1708379024,17,405
2,266,1708379041,81,405
2,267,1708379122,58,405
2,268,1708379180,10,405
2,269,1708379190,37,405
2,270,1708379227,114,405
2,271,1708379341,43,405
2,280,1708379722,29,405
2,281,1708379751,11,405
2,272,1708379384,94,405
2,273,1708379478,17,405
2,274,1708379495,58,405
2,275,1708379553,40,405
2,292,1708465611,55,405
2,293,1708465666,115,405
2,295,1708465857,120,405
2,294,1708465781,76,405
2,282,1708465131,50,405
2,282,1708465200,5,405
2,283,1708465181,19,405
2,283,1708465205,24,405
2,284,1708465229,78,405
2,285,1708465307,47,405
2,286,1708465354,77,405
2,287,1708465431,20,405
2,291,1708465562,49,405
2,290,1708465556,6,405
2,288,1708465451,84,405
2,289,1708465535,21,405
2,299,1708466169,42,405
2,298,1708466138,31,405
2,297,1708466131,7,405
2,296,1708466105,26,405
2,305,1708466652,42,405
2,304,1708466617,35,405
2,303,1708466531,86,405
2,302,1708466446,85,405
2,301,1708466298,120,405
2,300,1708466211,79,405
2,311,1708551546,9,405
2,310,1708551452,92,405
2,309,1708551432,20,405
2,308,1708551343,89,405
2,307,1708551308,35,405
2,306,1708551163,120,405
2,305,1708551294,8,405
2,315,1708551953,109,405
2,314,1708551902,51,405
2,313,1708551882,20,405
2,312,1708551829,53,405
2,327,1708552621,120,405
2,324,1708552466,101,405
2,325,1708552567,14,405
2,322,1708552410,18,405
2,323,1708552428,35,405
2,320,1708552222,83,405
2,321,1708552305,105,405
2,326,1708552581,33,405
2,319,1708552216,6,405
2,318,1708552209,7,405
2,317,1708552142,67,405
2,316,1708552062,80,405
2,328,1708552756,28,405
2,328,1708552794,6,405
2,328,1708552805,23,405
2,329,1708552828,24,405
2,327,1708552787,7,405
2,327,1708552800,5,405
2,347,1708638831,19,405
2,344,1708638656,43,405
2,345,1708638699,53,405
2,334,1708638127,30,405
2,335,1708638157,76,405
2,332,1708638024,69,405
2,333,1708638093,34,405
2,331,1708637976,48,405
2,342,1708638476,94,405
2,343,1708638570,86,405
2,340,1708638408,47,405
2,341,1708638455,21,405
2,338,1708638340,28,405
2,339,1708638368,40,405
2,336,1708638233,55,405
2,337,1708638288,52,405
2,348,1708638850,18,405
2,349,1708638868,56,405
2,346,1708638752,79,405
2,357,1708639236,21,405
2,356,1708639212,24,405
2,359,1708639280,89,405
2,358,1708639257,23,405
2,353,1708639043,6,405
2,353,1708639052,22,405
2,352,1708638993,50,405
2,355,1708639158,54,405
2,354,1708639079,6,405
2,354,1708639105,53,405
2,365,1708639568,54,405
2,364,1708639542,26,405
2,367,1708639630,97,405
2,366,1708639622,8,405
2,361,1708639413,58,405
2,360,1708639369,38,405
2,363,1708639524,18,405
2,362,1708639471,53,405
2,369,1708639740,8,405
2,369,1708639754,45,405
2,368,1708639732,8,405
2,350,1708638928,15,405
2,350,1708639091,6,405
2,351,1708638943,50,405
2,376,1708725275,76,405
2,379,1708725435,47,405
2,378,1708725408,27,405
2,373,1708724966,120,405
2,372,1708724944,22,405
2,375,1708725137,6,405
2,375,1708725147,120,405
2,374,1708725123,14,405
2,371,1708724858,86,405
2,370,1708724656,120,405
2,381,1708725500,21,405
2,381,1708725534,120,405
2,380,1708725482,18,405
2,380,1708725521,13,405
2,377,1708725351,57,405
2,383,1708725714,33,405
2,382,1708725666,48,405
2,394,1708813767,87,405
2,395,1708813854,66,405
2,388,1708813526,41,405
2,389,1708813567,46,405
2,390,1708813613,33,405
2,391,1708813646,52,405
2,386,1708813448,13,405
2,384,1708813158,120,405
2,385,1708813356,92,405
2,387,1708813461,65,405
2,396,1708813920,11,405
2,397,1708813931,14,405
2,398,1708813945,120,405
2,392,1708813698,42,405
2,393,1708813740,27,405
2,402,1708814397,30,405
2,403,1708814427,63,405
2,404,1708814490,23,405
2,399,1708814202,46,405
2,400,1708814248,86,405
2,401,1708814334,63,405
2,404,1708896824,120,405
2,405,1708896954,54,405
4,1,1708897049,9,1402
4,1,1708897060,5,1402
4,3,1708897068,6,1402
4,4,1708897074,37,1402
4,11,1708897195,99,1598
4,12,1708897294,56,1598
4,10,1708897142,53,1598
4,9,1708897113,29,1598
4,12,1708897351,99,1598
4,12,1708897452,80,1598
4,13,1708897532,93,1598
4,14,1708897625,15,1598
4,14,1708897644,63,1598
4,15,1708897707,116,1598
4,16,1708897823,59,1598
4,17,1708897882,58,1598
4,19,1708898073,7,1598
4,19,1708898088,62,1598
4,20,1708898150,29,1598
4,18,1708897940,120,1598
4,17,1708898262,68,1464
4,19,1708898331,84,1464
4,20,1708898180,8,1464
4,20,1708898190,70,1464
4,20,1708898415,7,1464
4,21,1708898422,70,1464
4,22,1708898492,107,1464
4,23,1708898599,41,1464
4,23,1708898649,13,1464
4,23,1708898665,39,1464
4,24,1708983426,109,1506
4,25,1708983535,48,1506
4,26,1708983583,88,1506
4,27,1708983671,103,1506
4,28,1708983774,81,1506
4,29,1708983855,81,1506
4,30,1708983936,15,1506
4,31,1708983951,101,1506
4,32,1708984052,84,1506
4,33,1708984136,66,1506
4,34,1708984202,38,1506
4,34,1708984243,20,1506
4,34,1708984277,43,1507
4,41,1708984840,120,1507
4,39,1708984633,5,1507
4,39,1708984639,102,1507
4,35,1708984320,64,1507
4,37,1708984471,100,1507
4,43,1708985137,88,1507
4,38,1708984571,62,1507
4,42,1708984974,120,1507
4,40,1708984741,13,1507
4,40,1708984755,85,1507
4,36,1708984384,87,1507
4,48,1708985518,90,1507
4,44,1708985225,58,1507
4,45,1708985283,70,1507
4,46,1708985353,81,1507
4,47,1708985434,5,1507
4,47,1708985441,77,1507
4,55,1709070855,74,1507
4,51,1709070511,68,1507
4,51,1709070594,45,1507
4,58,1709071063,83,1507
4,56,1709070929,50,1507
4,52,1709070639,81,1507
4,50,1709070307,120,1507
4,54,1709070805,50,1507
4,49,1709070166,120,1507
4,53,1709070580,7,1507
4,53,1709070720,85,1507
4,57,1709070979,75,1507
4,64,1709071567,94,1507
4,60,1709071234,72,1507
4,65,1709071661,80,1507
4,63,1709071471,96,1507
4,66,1709071741,80,1507
4,62,1709071407,64,1507
4,61,1709071306,101,1507
4,59,1709071146,88,1507
4,67,1709155467,79,1507
4,72,1709155937,66,1507
4,68,1709155546,74,1507
4,75,1709156159,71,1507
4,69,1709155620,63,1507
4,77,1709156307,105,1507
4,74,1709156083,12,1507
4,74,1709156098,61,1507
4,70,1709155683,120,1507
4,76,1709156230,43,1507
4,76,1709156276,31,1507
4,71,1709155810,120,1507
4,73,1709156003,80,1507
4,82,1709156722,104,1507
4,80,1709156536,103,1507
4,78,1709156412,72,1507
4,81,1709156639,83,1507
4,79,1709156484,52,1507
4,88,1709331897,49,1507
4,86,1709331744,55,1507
4,87,1709331803,10,1507
4,87,1709331815,61,1507
4,87,1709331877,20,1507
4,85,1709331676,68,1507
4,83,1709331478,92,1507
4,84,1709331570,106,1507
4,89,1709935212,120,1507
4,90,1710021314,120,1507
5,1,1710193057,6,1351
5,10,1710193073,14,1351
5,10,1710193089,18,1272
5,7,1710193107,16,825
5,11,1710193123,16,1505
5,13,1710193216,72,1505
5,14,1710193288,5,1505
5,12,1710193139,77,1505
4,90,1710280087,79,1507
4,93,1710280284,70,1507
4,94,1710280354,98,1507
4,91,1710280166,61,1507
4,92,1710280227,57,1507
4,95,1710366264,120,1507
4,97,1710366485,80,1507
4,96,1710366440,45,1507
4,105,1710367284,75,1507
4,99,1710366692,66,1507
4,106,1710367359,78,1507
4,102,1710366973,13,1507
4,102,1710366989,111,1507
4,107,1710367437,37,1507
4,101,1710366844,120,1507
4,98,1710366596,96,1507
4,104,1710367195,89,1507
4,100,1710366758,86,1507
4,103,1710367100,95,1507
1,106,1710367579,19,353
1,105,1710367483,96,353
1,105,1710367598,8,353
3,216,1710367613,7,676
3,217,1710451984,120,676
3,218,1710452276,38,676
3,218,1710452321,5,676
3,220,1714336395,68,676
3,219,1714336363,32,676
3,218,1714336299,64,676
3,221,1714336463,56,676
3,224,1714596142,120,676
3,227,1714596499,78,676
3,226,1714596365,120,676
3,229,1714596637,54,676
3,228,1714596577,60,676
3,223,1714596073,69,676
3,225,1714596285,80,676
3,230,1714596691,93,676
3,222,1714595970,103,676
3,231,1714856351,120,676
3,234,1714856716,83,676
3,233,1714856591,120,676
3,232,1714856504,87,676
3,235,1715980081,120,676
3,238,1715980473,120,676
3,237,1715980388,85,676
3,236,1715980338,50,676
3,239,1716067473,120,676
5,12,1716067644,15,1505
5,13,1716067634,8,1505
5,13,1716067659,54,1505
5,14,1716067713,47,1505
5,15,1716067760,40,1505
5,16,1716067800,95,1505
5,17,1716067895,38,1505
5,18,1716067933,65,1505
5,19,1716067998,61,1505
5,20,1716068059,110,1505
5,21,1716068169,75,1505
5,22,1716068244,76,1505
5,23,1716068320,38,1505
5,24,1716068358,68,1505
5,25,1716068426,8,1505
5,25,1716068437,27,1505
5,26,1716068464,21,1505
5,27,1716068485,16,1505
5,28,1716068501,49,1505
5,33,1716068703,37,1505
5,32,1716068674,29,1505
5,31,1716068644,30,1505
5,29,1716068550,28,1505
5,34,1716068740,36,1505
5,30,1716068578,66,1505
5,35,1716068776,32,1564
5,36,1716068808,59,1564
5,38,1716152167,20,1564
5,43,1716152419,19,1564
5,42,1716152366,53,1564
5,39,1716152187,57,1564
5,41,1716152337,29,1564
5,40,1716152244,93,1564
5,37,1716152037,120,1564
5,51,1717278182,104,1564
5,45,1717277829,34,1564
5,52,1717278286,83,1564
5,50,1717278132,50,1564
5,48,1717277968,79,1564
5,44,1717277063,120,1564
5,47,1717277914,54,1564
5,46,1717277863,45,1564
5,46,1717277909,5,1564
5,49,1717278047,85,1564
6,1,1728151582,12,352
6,5,1728151597,120,352
6,5,1728307325,106,550
6,5,1728307474,14,550
6,5,1728307488,5,550
6,5,1728307498,19,550
6,6,1728307434,31,550
6,6,1728307493,5,550
6,7,1728307465,6,550
6,5,1728307518,32,489
6,6,1728307554,44,489
6,6,1728307607,51,489
6,7,1728307658,9,489
6,7,1728307677,94,489
6,7,1728307771,58,489
6,8,1728307829,5,489
6,9,1728307834,102,489
6,9,1728307938,34,489
6,10,1728307972,120,489
6,10,1728308139,120,489
6,10,1728308311,16,489
6,10,1728308328,5,489
6,11,1728308280,28,489
6,11,1728308333,13,489
6,11,1728308349,52,489
6,12,1728308401,29,489
6,7,1728308536,5,489
6,12,1728308459,12,489
6,13,1728308433,26,489
6,13,1728308471,42,489
6,13,1728308524,5,489
6,14,1728308513,11,489
6,14,1728308549,65,489
6,15,1728308614,45,489
6,16,1728308659,50,489
6,17,1728308709,40,489
6,18,1728308749,64,489
6,19,1728308813,61,489
6,19,1728308875,11,489
6,20,1728308886,12,489
6,20,1728308899,28,489
6,21,1728308927,71,489
6,21,1728308998,47,489
6,22,1728412861,88,489
6,22,1728413236,120,489
6,22,1728413365,31,489
6,22,1728414761,13,489
6,22,1728420150,12,489
6,22,1728420163,86,489
6,23,1728420254,69,489
6,24,1728420323,24,489
6,25,1728420347,85,489
6,26,1728420432,46,489
6,27,1728420478,50,489
6,27,1728420565,18,489
6,28,1728420531,29,489
6,29,1728420584,20,489
6,30,1728420604,81,489
6,33,1728595599,6,489
6,32,1728595472,68,489
6,32,1728595541,19,489
6,32,1728595563,36,489
6,32,1728595605,14,489
6,32,1728595642,66,489
6,31,1728595389,51,489
6,31,1728595442,30,489
6,31,1728595630,5,489
6,30,1728595620,5,489
6,30,1728595635,6,489
6,33,1728675445,120,489
6,33,1728676130,23,489
6,33,1728761834,120,489
6,33,1728906703,24,489
6,33,1728935560,15,489
6,32,1728939170,14,489
6,33,1728939184,53,489
6,34,1728939237,83,489
6,35,1728939320,32,489
6,36,1728939352,6,489
6,36,1728939359,64,489
6,37,1728939423,30,489
6,38,1728939453,32,489
6,39,1728939485,10,489
6,40,1728939495,34,489
6,40,1728939538,13,489
6,40,1728939670,23,489
6,41,1728939529,9,489
6,41,1728939551,45,489
6,41,1728939598,72,489
6,41,1728939696,6,489
6,42,1728939702,54,489
6,43,1728939756,58,489
6,44,1728939814,47,489
6,44,1728939868,9,489
6,45,1728939877,28,489
6,46,1728939905,26,489
6,47,1728939931,38,489
6,48,1728939969,24,489
6,49,1728939993,100,489
6,56,1728940514,52,489
6,53,1728940272,69,489
6,50,1728940093,28,489
6,52,1728940193,79,489
6,55,1728940462,52,489
6,54,1728940341,120,489
6,51,1728940121,72,489
6,58,1728977032,15,489
6,58,1728977065,27,489
6,58,1728977094,58,489
6,58,1728977263,13,489
6,58,1728977303,19,489
6,58,1728977454,20,489
6,58,1728977475,5,489
6,7,1728977207,52,489
6,59,1728977322,77,489
6,60,1728977399,53,489
6,57,1728976872,14,489
6,57,1728976887,11,489
6,57,1728976905,104,489
6,57,1728977010,22,489
6,57,1728977047,18,489
6,57,1728977152,55,489
6,57,1728977276,27,489
6,67,1729025567,40,489
6,70,1729025838,102,489
6,68,1729025607,120,489
6,64,1729025325,101,489
6,60,1729024883,120,489
6,60,1729025012,50,489
6,65,1729025426,51,489
6,69,1729025741,57,489
6,69,1729025800,38,489
6,61,1729025062,22,489
6,61,1729025091,36,489
6,61,1729025128,44,489
6,66,1729025477,90,489
6,62,1729025172,57,489
6,63,1729025229,96,489
6,71,1729025985,118,489
6,73,1729026160,120,489
6,70,1729025942,43,489
6,72,1729026103,57,489
6,78,1729082075,54,489
6,76,1729081957,13,489
6,76,1729081974,26,489
6,76,1729082013,14,489
6,77,1729082000,13,489
6,77,1729082027,29,489
6,77,1729082059,16,489
6,74,1729081767,18,489
6,74,1729081786,10,489
6,74,1729081802,47,489
6,74,1729081867,50,489
6,73,1729078118,120,489
6,73,1729081796,6,489
6,73,1729081849,18,489
6,75,1729081917,40,489
6,80,1729082237,63,489
6,80,1729082303,29,489
6,79,1729082175,62,489
6,82,1729092140,9,489
6,81,1729092044,94,489
6,88,1729116001,7,489
6,88,1729116015,80,489
6,84,1729115758,57,489
6,87,1729115947,54,489
6,86,1729115842,105,489
6,82,1729115587,72,489
6,89,1729116095,80,489
6,85,1729115815,27,489
6,81,1729115512,75,489
6,83,1729115659,99,489
6,90,1729633302,78,489
6,32,1729633382,51,169
6,52,1729633901,23,249
6,52,1729633961,72,249
6,52,1729634035,32,249
6,50,1729633757,77,249
6,48,1729633475,10,249
6,48,1729633491,107,249
6,47,1729633435,40,249
6,47,1729633485,6,249
6,51,1729633834,67,249
6,49,1729633598,120,249
6,49,1729633925,34,249
6,88,1729634777,27,360
6,80,1729634307,101,360
6,83,1729634493,62,360
6,75,1729634068,16,360
6,90,1729634886,119,360
6,82,1729634456,37,360
6,85,1729634584,72,360
6,85,1729634674,13,360
6,77,1729634161,48,360
6,84,1729634555,29,360
6,76,1729634084,77,360
6,87,1729634715,62,360
6,79,1729634253,54,360
6,86,1729634656,18,360
6,86,1729634687,28,360
6,78,1729634209,44,360
6,89,1729634812,74,360
6,81,1729634408,48,360
6,92,1729635041,118,360
6,95,1729635277,91,360
6,94,1729635246,31,360
6,97,1729635457,96,360
6,93,1729635174,72,360
6,91,1729635005,12,360
6,91,1729635036,5,360
6,91,1729635164,9,360
6,90,1729635017,19,360
6,96,1729635368,89,360
6,98,1729671112,30,360
6,98,1729671453,26,360
6,99,1729783579,43,360
6,101,1729783694,58,360
6,103,1729783823,70,360
6,102,1729783752,71,360
6,104,1729783893,46,360
6,100,1729783622,72,360
6,98,1729783485,94,360
6,105,1729783968,120,360
6,105,1729892859,7,360
6,105,1729892896,6,360
6,105,1729892914,19,360
6,114,1729893663,79,360
6,110,1729893326,73,360
6,109,1729893239,87,360
6,107,1729893075,96,360
6,106,1729892829,30,360
6,106,1729892866,30,360
6,106,1729892906,8,360
6,106,1729892933,120,360
6,111,1729893399,120,360
6,112,1729893523,68,360
6,108,1729893171,68,360
6,113,1729893591,72,360
6,115,1729893742,48,360
6,120,1729893986,55,360
6,118,1729893905,36,360
6,119,1729893941,45,360
6,116,1729893790,69,360
6,117,1729893859,46,360
6,126,1729930574,63,360
6,127,1729930637,101,360
6,131,1729930870,90,360
6,121,1729930260,101,360
6,128,1729930738,6,360
6,128,1729930745,45,360
6,124,1729930453,30,360
6,124,1729930515,51,360
6,129,1729930800,25,360
6,130,1729930825,38,360
6,130,1729930865,5,360
6,123,1729930414,39,360
6,123,1729930483,30,360
6,125,1729930566,8,360
6,122,1729930361,53,360
6,132,1729930967,104,360
6,132,1729931073,9,360
6,133,1729931082,54,360
6,138,1729931374,101,360
6,134,1729931136,50,360
6,137,1729931340,34,360
6,135,1729931186,78,360
6,136,1729931264,76,360
6,139,1729981203,120,360
6,140,1729981494,31,360
6,187,1729981527,22,489
6,187,1729981571,13,489
6,201,1729982152,13,489
6,201,1729982166,37,489
6,198,1729981993,26,489
6,199,1729982019,46,489
6,196,1729981887,39,489
6,196,1729981958,9,489
6,197,1729981967,26,489
6,194,1729981787,50,489
6,195,1729981837,50,489
6,195,1729981926,32,489
6,192,1729981732,31,489
6,193,1729981763,24,489
6,206,1729982417,68,489
6,205,1729982346,71,489
6,190,1729981654,33,489
6,204,1729982286,60,489
6,191,1729981687,45,489
6,203,1729982245,41,489
6,188,1729981559,8,489
6,188,1729981584,36,489
6,202,1729982203,42,489
6,189,1729981620,34,489
6,200,1729982065,87,489
6,207,1729982485,38,489
6,208,1729982523,47,489
6,209,1729982570,26,489
6,210,1730031727,20,489
6,222,1730066540,42,489
6,211,1730069592,41,489
6,221,1730066506,34,489
6,210,1730069522,28,489
6,210,1730069553,39,489
6,220,1730066469,37,489
6,213,1730069715,27,489
6,219,1730066415,54,489
6,212,1730069633,82,489
6,218,1730066384,31,489
6,215,1730066241,36,489
6,217,1730066330,54,489
6,214,1730066194,47,489
6,216,1730066277,53,489
6,235,1730152546,72,489
6,234,1730152510,36,489
6,229,1730152306,32,489
6,231,1730152373,70,489
6,230,1730152341,32,489
6,225,1730152131,74,489
6,224,1730152068,63,489
6,227,1730152254,48,489
6,226,1730152205,49,489
6,237,1730152675,54,489
6,236,1730152618,57,489
6,238,1730152729,54,489
6,233,1730152472,38,489
6,223,1730151984,84,489
6,232,1730152443,29,489
6,241,1730236725,59,489
6,242,1730236787,45,489
6,243,1730236832,88,489
6,244,1730236920,42,489
6,251,1730237238,30,489
6,245,1730236962,30,489
6,239,1730236465,120,489
6,246,1730236992,45,489
6,250,1730237297,66,489
6,247,1730237037,34,489
6,249,1730237194,41,489
6,249,1730237272,25,489
6,240,1730236678,47,489
6,248,1730237071,120,489
6,251,1730237365,14,489
6,251,1730237390,42,489
6,251,1730237434,25,489
6,265,1730237996,5,489
6,266,1730238001,33,489
6,266,1730238169,7,489
6,267,1730238034,57,489
6,268,1730238091,50,489
6,269,1730238141,23,489
6,269,1730238192,50,489
6,270,1730238242,63,489
6,271,1730238305,33,489
6,256,1730237683,35,489
6,257,1730237718,24,489
6,259,1730237789,34,489
6,260,1730237823,60,489
6,261,1730237883,34,489
6,262,1730237917,30,489
6,263,1730237947,10,489
6,252,1730237459,64,489
6,253,1730237523,81,489
6,254,1730237604,39,489
6,255,1730237643,40,489
6,258,1730237751,38,489
6,264,1730237957,39,489
6,264,1730238177,12,489
6,276,1730238467,20,489
6,277,1730238487,30,489
6,277,1730238527,25,489
6,278,1730238522,5,489
6,272,1730238338,16,489
6,273,1730238354,20,489
6,273,1730238375,19,489
6,274,1730238398,30,489
6,275,1730238428,39,489
6,280,1730374075,8,489
6,278,1730373966,26,489
6,278,1730373993,48,489
6,279,1730374041,34,489
6,279,1730374084,25,489
6,280,1730374109,20,489
6,282,1730732740,43,489
6,282,1730732785,8,489
6,282,1730928755,5,489
6,282,1730928769,20,489
6,241,1730929124,40,411
6,242,1730929164,20,411
6,242,1730929187,51,411
6,243,1730929238,73,411
6,237,1730928791,14,411
6,237,1730928837,21,411
6,244,1730929311,66,411
6,250,1730929625,73,411
6,245,1730929377,6,411
6,239,1730928948,84,411
6,246,1730929383,43,411
6,238,1730928805,32,411
6,238,1730928858,84,411
6,247,1730929426,103,411
6,249,1730929597,28,411
6,240,1730929032,22,411
6,240,1730929055,69,411
6,248,1730929529,68,411
6,251,1730929698,55,411
6,260,1731015928,9,411
6,260,1731015938,39,411
6,261,1731015977,87,411
6,262,1731016064,73,411
6,263,1731016137,49,411
6,264,1731016186,96,411
6,252,1731015407,31,411
6,252,1731015439,93,411
6,253,1731015532,22,411
6,253,1731015555,43,411
6,254,1731015598,39,411
6,258,1731015817,38,411
6,255,1731015637,33,411
6,255,1731015679,19,411
6,256,1731015670,9,411
6,256,1731015698,86,411
6,257,1731015784,11,411
6,257,1731015798,14,411
6,259,1731015855,65,411
6,265,1731016285,18,411
6,266,1731016303,83,411
6,267,1731016386,76,411
6,268,1731016462,30,411
6,269,1731016492,53,411
6,270,1731016545,20,411
6,270,1731016568,48,411
6,271,1731016616,35,411
6,272,1731016651,26,411
6,273,1731048496,69,411
6,274,1731048565,13,411
6,274,1731048582,8,411
6,275,1731048602,6,411
6,274,1731091885,56,411
6,274,1732697861,120,411
6,274,1733080071,5,411
6,53,1733126175,10,411
6,72,1733125734,120,411
6,47,1733126197,8,411
6,64,1733126160,15,411
6,69,1733126153,7,411
6,48,1733126185,12,411
6,76,1733125723,11,411
6,274,1733125607,79,411
6,83,1733125686,37,411
6,44,1733127997,37,411
6,44,1733129870,78,411
6,41,1733239083,120,411
3,239,1733391943,61,676
6,28,1733392141,15,411
6,41,1733392014,120,411
6,62,1733392164,6,411
6,9,1733394469,19,411
6,10,1733394460,9,411
6,10,1733394488,120,411
6,16,1733394896,7,411
6,18,1733394905,53,411
6,19,1733394958,8,411
6,34,1733394997,6,411
6,34,1733395006,30,411
6,35,1733395036,14,411
6,37,1733395053,5,411
6,38,1733395060,21,411
6,39,1733395081,22,411
6,40,1733395103,120,411
6,64,1733393558,120,411
6,34,1733395606,120,411
6,43,1733395463,17,411
6,41,1733395446,5,411
6,44,1733395480,113,411
6,42,1733395451,12,411
6,5,1733396481,23,411
6,38,1733396474,7,411
6,47,1733399148,114,411
6,37,1733399093,19,411
6,46,1733399127,21,411
6,41,1733399114,9,411
6,27,1733399050,43,411
6,9,1733398825,120,411
6,9,1733399034,16,411
6,48,1733399262,5,411
6,53,1733400400,36,411
6,53,1733400605,8,411
6,49,1733399305,120,411
6,49,1733400337,63,411
6,49,1733400554,51,411
6,72,1733400613,26,411
6,176,1733401044,86,411
6,27,1733400546,8,411
6,107,1733400954,90,411
6,37,1733400447,89,411
6,69,1733400907,40,411
6,83,1733400704,120,411
6,48,1733400228,109,411
6,89,1733400947,7,411
6,76,1733400639,65,411
6,55,1733400438,9,411
6,41,1733400536,10,411
6,197,1733401130,10,411
6,229,1733401140,113,411
6,230,1733401253,120,411
