TEMT6000:664,LDR:1018,Distance:8.72
TEMT6000:663,LDR:1019,Distance:8.70
TEMT6000:665,LDR:1019,Distance:8.68
TEMT6000:667,LDR:1018,Distance:8.70
TEMT6000:667,LDR:1019,Distance:8.71
TEMT6000:666,LDR:1017,Distance:8.72
TEMT6000:664,LDR:1018,Distance:8.72
TEMT6000:662,LDR:1019,Distance:8.97
TEMT6000:664,LDR:1017,Distance:8.74
TEMT6000:662,LDR:1019,Distance:9.01
TEMT6000:660,LDR:1018,Distance:9.37
TEMT6000:660,LDR:1017,Distance:9.27
TEMT6000:658,LDR:1017,Distance:9.23
TEMT6000:659,LDR:1018,Distance:9.18
TEMT6000:661,LDR:1019,Distance:8.81
TEMT6000:661,LDR:1018,Distance:8.72
TEMT6000:658,LDR:1019,Distance:8.72
TEMT6000:662,LDR:1017,Distance:8.71
TEMT6000:659,LDR:1019,Distance:8.72
TEMT6000:660,LDR:1017,Distance:8.73
TEMT6000:661,LDR:1018,Distance:9.04
TEMT6000:662,LDR:1018,Distance:8.88
TEMT6000:663,LDR:1018,Distance:8.69
TEMT6000:662,LDR:1016,Distance:8.67
TEMT6000:662,LDR:1018,Distance:8.68
TEMT6000:662,LDR:1019,Distance:8.69
TEMT6000:663,LDR:1017,Distance:8.70
TEMT6000:662,LDR:1019,Distance:8.69
TEMT6000:662,LDR:1018,Distance:8.68
TEMT6000:664,LDR:1017,Distance:8.68
TEMT6000:664,LDR:1018,Distance:8.66
TEMT6000:676,LDR:1016,Distance:8.64
TEMT6000:677,LDR:1017,Distance:8.61
TEMT6000:679,LDR:1018,Distance:8.79
TEMT6000:679,LDR:1018,Distance:8.82
TEMT6000:678,LDR:1019,Distance:8.66
TEMT6000:677,LDR:1019,Distance:8.61
TEMT6000:677,LDR:1019,Distance:8.61
TEMT6000:672,LDR:1019,Distance:8.73
TEMT6000:661,LDR:1019,Distance:8.77
TEMT6000:642,LDR:1019,Distance:9.16
TEMT6000:626,LDR:1017,Distance:9.67
TEMT6000:606,LDR:1017,Distance:9.54
TEMT6000:589,LDR:1017,Distance:9.50
TEMT6000:569,LDR:1018,Distance:9.67
TEMT6000:548,LDR:1018,Distance:10.08
TEMT6000:531,LDR:1018,Distance:9.91
TEMT6000:516,LDR:1015,Distance:10.00
TEMT6000:500,LDR:1017,Distance:10.24
TEMT6000:489,LDR:1019,Distance:10.51
TEMT6000:474,LDR:1015,Distance:10.63
TEMT6000:462,LDR:1016,Distance:10.26
TEMT6000:447,LDR:1015,Distance:10.65
TEMT6000:434,LDR:1016,Distance:10.88
TEMT6000:424,LDR:1015,Distance:10.78
TEMT6000:416,LDR:1016,Distance:10.71
TEMT6000:409,LDR:1015,Distance:10.70
TEMT6000:399,LDR:1015,Distance:11.33
TEMT6000:391,LDR:1015,Distance:11.41
TEMT6000:381,LDR:1015,Distance:11.22
TEMT6000:375,LDR:1016,Distance:11.00
TEMT6000:366,LDR:1014,Distance:11.34
TEMT6000:354,LDR:1015,Distance:11.73
TEMT6000:344,LDR:1013,Distance:11.62
TEMT6000:338,LDR:1014,Distance:11.63
TEMT6000:335,LDR:1015,Distance:11.56
TEMT6000:332,LDR:1014,Distance:11.55
TEMT6000:327,LDR:1015,Distance:11.74
TEMT6000:323,LDR:1014,Distance:12.09
TEMT6000:313,LDR:1014,Distance:11.87
TEMT6000:310,LDR:1014,Distance:11.61
TEMT6000:303,LDR:1015,Distance:11.68
TEMT6000:299,LDR:1014,Distance:12.27
TEMT6000:293,LDR:1013,Distance:12.46
TEMT6000:287,LDR:1013,Distance:12.32
TEMT6000:281,LDR:1015,Distance:12.07
TEMT6000:274,LDR:1013,Distance:12.59
TEMT6000:268,LDR:1013,Distance:13.08
TEMT6000:261,LDR:1012,Distance:12.68
TEMT6000:255,LDR:1012,Distance:12.69
TEMT6000:251,LDR:1012,Distance:13.24
TEMT6000:245,LDR:1013,Distance:13.33
TEMT6000:241,LDR:1013,Distance:13.16
TEMT6000:238,LDR:1013,Distance:13.04
TEMT6000:233,LDR:1012,Distance:13.50
TEMT6000:230,LDR:1012,Distance:13.79
TEMT6000:224,LDR:1013,Distance:13.53
TEMT6000:222,LDR:1011,Distance:13.34
TEMT6000:216,LDR:1012,Distance:13.90
TEMT6000:215,LDR:1011,Distance:14.20
TEMT6000:210,LDR:1008,Distance:13.89
TEMT6000:208,LDR:1010,Distance:13.70
TEMT6000:203,LDR:1012,Distance:13.77
TEMT6000:200,LDR:1009,Distance:14.47
TEMT6000:196,LDR:1010,Distance:14.46
TEMT6000:194,LDR:1010,Distance:14.25
TEMT6000:191,LDR:1009,Distance:14.11
TEMT6000:188,LDR:1010,Distance:14.47
TEMT6000:187,LDR:1011,Distance:14.77
TEMT6000:184,LDR:1009,Distance:14.92
TEMT6000:180,LDR:1011,Distance:14.64
TEMT6000:175,LDR:1010,Distance:15.12
TEMT6000:172,LDR:1008,Distance:15.26
TEMT6000:168,LDR:1009,Distance:14.95
TEMT6000:166,LDR:1008,Distance:15.13
TEMT6000:164,LDR:1009,Distance:15.49
TEMT6000:159,LDR:1007,Distance:15.51
TEMT6000:157,LDR:1008,Distance:15.20
TEMT6000:156,LDR:1009,Distance:15.28
TEMT6000:151,LDR:1005,Distance:15.77
TEMT6000:151,LDR:1009,Distance:15.82
TEMT6000:149,LDR:1007,Distance:15.34
TEMT6000:147,LDR:1007,Distance:15.57
TEMT6000:144,LDR:1007,Distance:15.87
TEMT6000:142,LDR:1007,Distance:15.37
TEMT6000:137,LDR:1007,Distance:15.53
TEMT6000:134,LDR:1006,Distance:16.22
TEMT6000:134,LDR:1006,Distance:16.13
TEMT6000:132,LDR:1005,Distance:15.53
TEMT6000:129,LDR:1007,Distance:16.23
TEMT6000:127,LDR:1007,Distance:16.44
TEMT6000:124,LDR:1006,Distance:16.25
TEMT6000:123,LDR:1007,Distance:16.46
TEMT6000:120,LDR:1005,Distance:16.96
TEMT6000:118,LDR:1005,Distance:16.82
TEMT6000:113,LDR:1003,Distance:16.81
TEMT6000:115,LDR:1004,Distance:17.32
TEMT6000:112,LDR:1004,Distance:17.47
TEMT6000:110,LDR:1001,Distance:17.68
TEMT6000:110,LDR:1005,Distance:17.46
TEMT6000:108,LDR:1003,Distance:17.72
TEMT6000:106,LDR:1002,Distance:18.13
TEMT6000:107,LDR:1005,Distance:18.16
TEMT6000:106,LDR:1001,Distance:18.10
TEMT6000:102,LDR:1003,Distance:18.58
TEMT6000:100,LDR:1002,Distance:19.06
TEMT6000:99,LDR:1002,Distance:19.01
TEMT6000:98,LDR:1004,Distance:19.06
TEMT6000:97,LDR:1002,Distance:19.35
TEMT6000:96,LDR:1003,Distance:19.38
TEMT6000:96,LDR:1002,Distance:19.57
TEMT6000:92,LDR:1002,Distance:19.67
TEMT6000:91,LDR:1002,Distance:19.81
TEMT6000:90,LDR:1002,Distance:19.86
TEMT6000:89,LDR:1000,Distance:19.91
TEMT6000:88,LDR:1003,Distance:20.00
TEMT6000:86,LDR:1002,Distance:20.23
TEMT6000:85,LDR:1002,Distance:20.35
TEMT6000:84,LDR:1001,Distance:20.49
TEMT6000:83,LDR:998,Distance:20.80
TEMT6000:81,LDR:1001,Distance:20.81
TEMT6000:81,LDR:1001,Distance:20.86
TEMT6000:80,LDR:1001,Distance:21.33
TEMT6000:79,LDR:1000,Distance:21.33
TEMT6000:77,LDR:1000,Distance:21.57
TEMT6000:76,LDR:1000,Distance:21.97
TEMT6000:73,LDR:1000,Distance:22.20
TEMT6000:73,LDR:999,Distance:22.43
TEMT6000:73,LDR:998,Distance:22.82
TEMT6000:70,LDR:998,Distance:23.05
TEMT6000:70,LDR:998,Distance:23.63
TEMT6000:70,LDR:997,Distance:24.05
TEMT6000:67,LDR:997,Distance:24.55
TEMT6000:66,LDR:996,Distance:24.82
TEMT6000:66,LDR:996,Distance:25.07
TEMT6000:65,LDR:997,Distance:25.13
TEMT6000:64,LDR:996,Distance:23.81
TEMT6000:65,LDR:996,Distance:20.84
TEMT6000:63,LDR:996,Distance:21.15
TEMT6000:63,LDR:995,Distance:21.15
TEMT6000:60,LDR:995,Distance:21.06
TEMT6000:60,LDR:995,Distance:20.81
TEMT6000:58,LDR:994,Distance:21.34
TEMT6000:59,LDR:994,Distance:21.06
TEMT6000:59,LDR:994,Distance:21.08
TEMT6000:57,LDR:995,Distance:21.18
TEMT6000:56,LDR:991,Distance:21.33
TEMT6000:57,LDR:993,Distance:21.28
TEMT6000:57,LDR:993,Distance:21.30
TEMT6000:57,LDR:994,Distance:21.16
TEMT6000:55,LDR:992,Distance:21.58
TEMT6000:54,LDR:993,Distance:21.41
TEMT6000:54,LDR:992,Distance:21.38
TEMT6000:54,LDR:992,Distance:21.52
TEMT6000:53,LDR:993,Distance:21.66
TEMT6000:53,LDR:992,Distance:21.77
TEMT6000:52,LDR:990,Distance:21.92
TEMT6000:52,LDR:991,Distance:21.96
TEMT6000:51,LDR:991,Distance:21.96
TEMT6000:51,LDR:992,Distance:22.09
TEMT6000:51,LDR:991,Distance:22.05
TEMT6000:50,LDR:991,Distance:22.26
TEMT6000:49,LDR:990,Distance:21.96
TEMT6000:50,LDR:991,Distance:22.17
TEMT6000:51,LDR:991,Distance:22.44
TEMT6000:49,LDR:991,Distance:22.29
TEMT6000:49,LDR:991,Distance:22.24
TEMT6000:49,LDR:990,Distance:22.51
TEMT6000:49,LDR:990,Distance:22.42
TEMT6000:48,LDR:990,Distance:22.68
TEMT6000:47,LDR:988,Distance:22.61
TEMT6000:48,LDR:989,Distance:22.68
TEMT6000:46,LDR:987,Distance:22.83
TEMT6000:47,LDR:988,Distance:22.91
TEMT6000:45,LDR:989,Distance:22.86
TEMT6000:45,LDR:989,Distance:22.91
TEMT6000:46,LDR:988,Distance:22.97
TEMT6000:45,LDR:989,Distance:23.03
TEMT6000:46,LDR:988,Distance:23.14
TEMT6000:46,LDR:988,Distance:23.22
TEMT6000:45,LDR:987,Distance:23.44
TEMT6000:46,LDR:986,Distance:23.43
TEMT6000:46,LDR:988,Distance:23.43
TEMT6000:45,LDR:986,Distance:23.52
TEMT6000:46,LDR:986,Distance:23.73
TEMT6000:43,LDR:987,Distance:23.78
TEMT6000:45,LDR:986,Distance:23.80
TEMT6000:43,LDR:987,Distance:24.00
TEMT6000:42,LDR:983,Distance:24.11
TEMT6000:42,LDR:984,Distance:24.23
TEMT6000:41,LDR:984,Distance:24.29
TEMT6000:44,LDR:985,Distance:24.32
TEMT6000:42,LDR:983,Distance:24.50
TEMT6000:41,LDR:983,Distance:24.76
TEMT6000:41,LDR:985,Distance:24.80
TEMT6000:40,LDR:984,Distance:24.92
TEMT6000:40,LDR:984,Distance:24.97
TEMT6000:39,LDR:985,Distance:25.20
TEMT6000:37,LDR:982,Distance:25.21
TEMT6000:39,LDR:984,Distance:25.32
TEMT6000:39,LDR:983,Distance:25.51
TEMT6000:39,LDR:983,Distance:25.56
TEMT6000:39,LDR:983,Distance:25.71
TEMT6000:38,LDR:982,Distance:25.91
TEMT6000:37,LDR:982,Distance:25.94
TEMT6000:38,LDR:982,Distance:26.19
TEMT6000:38,LDR:982,Distance:26.02
TEMT6000:37,LDR:981,Distance:26.18
TEMT6000:38,LDR:981,Distance:26.62
TEMT6000:36,LDR:980,Distance:26.72
TEMT6000:36,LDR:981,Distance:26.57
TEMT6000:37,LDR:981,Distance:26.69
TEMT6000:36,LDR:981,Distance:26.99
TEMT6000:37,LDR:980,Distance:27.11
TEMT6000:36,LDR:981,Distance:27.34
TEMT6000:35,LDR:980,Distance:27.32
TEMT6000:34,LDR:979,Distance:27.55
TEMT6000:35,LDR:979,Distance:27.83
TEMT6000:34,LDR:979,Distance:27.84
TEMT6000:35,LDR:979,Distance:27.95
TEMT6000:33,LDR:979,Distance:28.48
TEMT6000:30,LDR:978,Distance:28.60
TEMT6000:31,LDR:979,Distance:28.64
TEMT6000:30,LDR:978,Distance:28.73
TEMT6000:30,LDR:976,Distance:29.08
TEMT6000:30,LDR:977,Distance:29.34
TEMT6000:30,LDR:976,Distance:29.44
TEMT6000:30,LDR:977,Distance:29.37
TEMT6000:30,LDR:976,Distance:29.62
TEMT6000:30,LDR:976,Distance:29.60
TEMT6000:30,LDR:976,Distance:29.94
TEMT6000:29,LDR:977,Distance:29.94
TEMT6000:29,LDR:975,Distance:29.96
TEMT6000:29,LDR:976,Distance:30.45
TEMT6000:29,LDR:976,Distance:30.34
TEMT6000:27,LDR:975,Distance:30.65
TEMT6000:27,LDR:974,Distance:30.67
TEMT6000:28,LDR:974,Distance:30.86
TEMT6000:28,LDR:974,Distance:31.02
TEMT6000:26,LDR:975,Distance:33.71
TEMT6000:27,LDR:972,Distance:36.68
TEMT6000:28,LDR:973,Distance:36.81
TEMT6000:28,LDR:973,Distance:37.13
TEMT6000:28,LDR:974,Distance:37.12
TEMT6000:28,LDR:972,Distance:37.49
TEMT6000:29,LDR:972,Distance:37.95
TEMT6000:29,LDR:972,Distance:38.10
TEMT6000:29,LDR:973,Distance:38.49
TEMT6000:28,LDR:968,Distance:38.94
TEMT6000:27,LDR:971,Distance:39.59
TEMT6000:28,LDR:971,Distance:39.96
TEMT6000:26,LDR:970,Distance:40.29
TEMT6000:28,LDR:970,Distance:40.56
TEMT6000:28,LDR:970,Distance:40.88
TEMT6000:27,LDR:971,Distance:41.23
TEMT6000:27,LDR:968,Distance:39.40
TEMT6000:27,LDR:969,Distance:66.17
TEMT6000:28,LDR:969,Distance:179.52
TEMT6000:26,LDR:970,Distance:37.74
TEMT6000:27,LDR:967,Distance:37.92
TEMT6000:25,LDR:967,Distance:38.00
TEMT6000:25,LDR:968,Distance:38.00
TEMT6000:27,LDR:967,Distance:38.12
TEMT6000:26,LDR:967,Distance:38.43
TEMT6000:25,LDR:964,Distance:38.28
TEMT6000:25,LDR:966,Distance:38.11
TEMT6000:27,LDR:966,Distance:38.55
TEMT6000:26,LDR:966,Distance:38.88
TEMT6000:25,LDR:965,Distance:38.69
TEMT6000:25,LDR:965,Distance:39.26
TEMT6000:23,LDR:964,Distance:39.39
TEMT6000:24,LDR:964,Distance:39.93
TEMT6000:24,LDR:962,Distance:39.85
TEMT6000:24,LDR:964,Distance:39.32
TEMT6000:25,LDR:964,Distance:39.60
TEMT6000:25,LDR:963,Distance:40.20
TEMT6000:23,LDR:962,Distance:42.06
TEMT6000:24,LDR:963,Distance:40.49
TEMT6000:24,LDR:962,Distance:41.06
TEMT6000:24,LDR:962,Distance:41.67
TEMT6000:23,LDR:960,Distance:40.69
TEMT6000:23,LDR:963,Distance:41.38
TEMT6000:22,LDR:962,Distance:43.59
TEMT6000:24,LDR:960,Distance:42.38
TEMT6000:22,LDR:961,Distance:42.26
TEMT6000:22,LDR:960,Distance:44.14
TEMT6000:22,LDR:958,Distance:42.37
TEMT6000:22,LDR:957,Distance:44.46
TEMT6000:22,LDR:956,Distance:43.32
TEMT6000:19,LDR:958,Distance:43.11
TEMT6000:20,LDR:957,Distance:44.10
TEMT6000:21,LDR:956,Distance:43.50
TEMT6000:21,LDR:956,Distance:43.81
TEMT6000:21,LDR:956,Distance:44.71
TEMT6000:20,LDR:954,Distance:45.15
TEMT6000:20,LDR:956,Distance:45.90
TEMT6000:20,LDR:954,Distance:47.02
TEMT6000:21,LDR:954,Distance:48.95
TEMT6000:19,LDR:952,Distance:49.38
TEMT6000:20,LDR:952,Distance:106.71
TEMT6000:20,LDR:952,Distance:51.74
TEMT6000:20,LDR:951,Distance:157.01
TEMT6000:19,LDR:950,Distance:78.15
TEMT6000:20,LDR:949,Distance:48.96
TEMT6000:20,LDR:949,Distance:69.68
TEMT6000:18,LDR:948,Distance:44.86
TEMT6000:19,LDR:948,Distance:44.78
TEMT6000:19,LDR:948,Distance:44.94
TEMT6000:20,LDR:948,Distance:45.23
TEMT6000:19,LDR:948,Distance:44.53
TEMT6000:17,LDR:947,Distance:44.77
TEMT6000:18,LDR:946,Distance:44.63
TEMT6000:18,LDR:947,Distance:44.45
TEMT6000:18,LDR:945,Distance:44.77
TEMT6000:17,LDR:946,Distance:44.58
TEMT6000:18,LDR:944,Distance:44.54
TEMT6000:17,LDR:946,Distance:43.97
TEMT6000:17,LDR:944,Distance:44.43
TEMT6000:16,LDR:943,Distance:44.73
TEMT6000:16,LDR:940,Distance:44.38
TEMT6000:17,LDR:943,Distance:44.64
TEMT6000:16,LDR:940,Distance:44.58
TEMT6000:16,LDR:940,Distance:44.59
TEMT6000:15,LDR:939,Distance:45.13
TEMT6000:18,LDR:939,Distance:44.91
TEMT6000:16,LDR:940,Distance:45.31
TEMT6000:16,LDR:938,Distance:45.36
TEMT6000:16,LDR:936,Distance:45.76
TEMT6000:16,LDR:937,Distance:46.00
TEMT6000:17,LDR:937,Distance:45.85
TEMT6000:15,LDR:938,Distance:46.09
TEMT6000:17,LDR:937,Distance:46.62
TEMT6000:14,LDR:936,Distance:46.44
TEMT6000:16,LDR:936,Distance:46.62
TEMT6000:15,LDR:935,Distance:46.77
TEMT6000:16,LDR:936,Distance:47.00
TEMT6000:16,LDR:934,Distance:47.49
TEMT6000:15,LDR:934,Distance:47.47
TEMT6000:14,LDR:932,Distance:47.56
TEMT6000:14,LDR:931,Distance:48.22
TEMT6000:15,LDR:932,Distance:47.66
TEMT6000:15,LDR:932,Distance:48.69
TEMT6000:15,LDR:930,Distance:48.21
TEMT6000:14,LDR:930,Distance:48.09
TEMT6000:14,LDR:927,Distance:48.21
TEMT6000:14,LDR:928,Distance:48.27
TEMT6000:14,LDR:928,Distance:48.56
TEMT6000:14,LDR:927,Distance:48.40
TEMT6000:14,LDR:926,Distance:49.17
TEMT6000:13,LDR:926,Distance:48.82
TEMT6000:14,LDR:926,Distance:49.49
TEMT6000:14,LDR:925,Distance:49.44
TEMT6000:13,LDR:925,Distance:49.37
TEMT6000:13,LDR:922,Distance:49.99
TEMT6000:13,LDR:923,Distance:49.85
TEMT6000:14,LDR:922,Distance:50.24
TEMT6000:12,LDR:922,Distance:49.72
TEMT6000:11,LDR:921,Distance:50.86
TEMT6000:14,LDR:921,Distance:50.27
TEMT6000:13,LDR:920,Distance:51.81
TEMT6000:11,LDR:918,Distance:51.16
TEMT6000:12,LDR:918,Distance:52.72
TEMT6000:11,LDR:919,Distance:51.47
TEMT6000:11,LDR:918,Distance:52.94
TEMT6000:12,LDR:916,Distance:51.96
TEMT6000:11,LDR:916,Distance:53.31
TEMT6000:12,LDR:915,Distance:53.62
TEMT6000:12,LDR:914,Distance:52.65
TEMT6000:12,LDR:914,Distance:53.36
TEMT6000:12,LDR:913,Distance:54.73
TEMT6000:12,LDR:913,Distance:53.65
TEMT6000:11,LDR:912,Distance:53.96
TEMT6000:12,LDR:911,Distance:54.69
TEMT6000:11,LDR:912,Distance:54.76
TEMT6000:11,LDR:911,Distance:54.34
TEMT6000:12,LDR:912,Distance:55.04
TEMT6000:11,LDR:910,Distance:54.63
TEMT6000:11,LDR:910,Distance:54.83
TEMT6000:12,LDR:910,Distance:53.81
TEMT6000:11,LDR:908,Distance:54.96
TEMT6000:10,LDR:908,Distance:54.09
TEMT6000:11,LDR:907,Distance:54.54
TEMT6000:9,LDR:908,Distance:54.86
TEMT6000:12,LDR:905,Distance:54.54
TEMT6000:11,LDR:905,Distance:54.67
TEMT6000:11,LDR:904,Distance:55.43
TEMT6000:11,LDR:906,Distance:54.80
TEMT6000:10,LDR:903,Distance:55.27
TEMT6000:11,LDR:903,Distance:55.50
TEMT6000:10,LDR:902,Distance:55.92
TEMT6000:10,LDR:902,Distance:55.99
TEMT6000:10,LDR:901,Distance:56.03
TEMT6000:10,LDR:901,Distance:56.33
TEMT6000:10,LDR:900,Distance:56.39
TEMT6000:11,LDR:901,Distance:56.46
TEMT6000:10,LDR:900,Distance:57.09
TEMT6000:12,LDR:899,Distance:57.25
TEMT6000:10,LDR:898,Distance:56.69
TEMT6000:11,LDR:898,Distance:57.88
TEMT6000:10,LDR:898,Distance:57.62
TEMT6000:10,LDR:896,Distance:56.93
TEMT6000:11,LDR:897,Distance:58.28
TEMT6000:10,LDR:895,Distance:57.28
TEMT6000:9,LDR:895,Distance:58.38
TEMT6000:8,LDR:895,Distance:58.29
TEMT6000:8,LDR:895,Distance:59.26
TEMT6000:8,LDR:894,Distance:60.17
TEMT6000:8,LDR:893,Distance:59.75
TEMT6000:7,LDR:891,Distance:61.49
TEMT6000:7,LDR:891,Distance:60.70
TEMT6000:8,LDR:890,Distance:62.44
TEMT6000:8,LDR:892,Distance:63.72
TEMT6000:10,LDR:889,Distance:63.64
TEMT6000:8,LDR:888,Distance:64.52
TEMT6000:9,LDR:888,Distance:64.08
TEMT6000:10,LDR:888,Distance:63.29
TEMT6000:10,LDR:886,Distance:62.92
TEMT6000:8,LDR:886,Distance:62.51
TEMT6000:10,LDR:884,Distance:61.20
TEMT6000:8,LDR:883,Distance:61.27
TEMT6000:11,LDR:883,Distance:62.09
TEMT6000:9,LDR:883,Distance:61.28
TEMT6000:8,LDR:883,Distance:61.26
TEMT6000:9,LDR:884,Distance:62.07
TEMT6000:8,LDR:882,Distance:61.73
TEMT6000:7,LDR:880,Distance:62.36
TEMT6000:8,LDR:881,Distance:61.83
TEMT6000:8,LDR:879,Distance:62.78
TEMT6000:9,LDR:879,Distance:63.22
TEMT6000:8,LDR:879,Distance:62.46
TEMT6000:7,LDR:877,Distance:62.23
TEMT6000:8,LDR:878,Distance:62.96
TEMT6000:8,LDR:877,Distance:63.05
TEMT6000:8,LDR:876,Distance:63.60
TEMT6000:6,LDR:876,Distance:63.15
TEMT6000:9,LDR:874,Distance:63.65
TEMT6000:7,LDR:874,Distance:63.75
TEMT6000:7,LDR:872,Distance:63.78
TEMT6000:7,LDR:873,Distance:64.40
TEMT6000:7,LDR:873,Distance:64.12
TEMT6000:7,LDR:870,Distance:64.85
TEMT6000:7,LDR:871,Distance:64.49
TEMT6000:8,LDR:868,Distance:64.83
TEMT6000:6,LDR:868,Distance:65.31
TEMT6000:7,LDR:868,Distance:65.59
TEMT6000:7,LDR:868,Distance:65.72
TEMT6000:6,LDR:866,Distance:66.35
TEMT6000:7,LDR:866,Distance:66.61
TEMT6000:7,LDR:865,Distance:66.27
TEMT6000:8,LDR:864,Distance:67.53
TEMT6000:8,LDR:864,Distance:67.44
TEMT6000:6,LDR:863,Distance:67.55
TEMT6000:7,LDR:862,Distance:67.97
TEMT6000:7,LDR:861,Distance:68.01
TEMT6000:8,LDR:859,Distance:69.20
TEMT6000:9,LDR:858,Distance:69.35
TEMT6000:8,LDR:859,Distance:70.66
TEMT6000:7,LDR:857,Distance:70.70
TEMT6000:6,LDR:856,Distance:71.96
TEMT6000:9,LDR:856,Distance:73.37
TEMT6000:6,LDR:856,Distance:73.32
TEMT6000:6,LDR:855,Distance:74.64
TEMT6000:8,LDR:853,Distance:73.40
TEMT6000:7,LDR:852,Distance:73.68
TEMT6000:6,LDR:852,Distance:74.08
TEMT6000:8,LDR:851,Distance:73.18
TEMT6000:7,LDR:850,Distance:73.71
TEMT6000:8,LDR:850,Distance:71.65
TEMT6000:7,LDR:848,Distance:73.20
TEMT6000:6,LDR:848,Distance:72.71
TEMT6000:8,LDR:847,Distance:73.67
TEMT6000:7,LDR:847,Distance:72.41
TEMT6000:6,LDR:846,Distance:73.99
TEMT6000:8,LDR:845,Distance:73.08
TEMT6000:7,LDR:845,Distance:72.93
TEMT6000:6,LDR:844,Distance:73.18
TEMT6000:9,LDR:843,Distance:73.04
TEMT6000:8,LDR:844,Distance:72.66
TEMT6000:9,LDR:841,Distance:73.51
TEMT6000:8,LDR:843,Distance:72.88
TEMT6000:8,LDR:842,Distance:73.34
TEMT6000:8,LDR:842,Distance:73.71
TEMT6000:7,LDR:840,Distance:73.12
TEMT6000:7,LDR:841,Distance:73.40
TEMT6000:8,LDR:839,Distance:73.58
TEMT6000:7,LDR:839,Distance:73.90
TEMT6000:8,LDR:838,Distance:74.13
TEMT6000:7,LDR:836,Distance:73.63
TEMT6000:6,LDR:836,Distance:74.28
TEMT6000:7,LDR:835,Distance:74.10
TEMT6000:6,LDR:835,Distance:74.68
TEMT6000:5,LDR:833,Distance:75.00
TEMT6000:4,LDR:832,Distance:74.46
TEMT6000:5,LDR:832,Distance:75.37
TEMT6000:6,LDR:831,Distance:74.94
TEMT6000:4,LDR:831,Distance:75.32
TEMT6000:6,LDR:829,Distance:75.62
TEMT6000:6,LDR:831,Distance:75.41
TEMT6000:7,LDR:830,Distance:75.48
TEMT6000:5,LDR:829,Distance:75.94
TEMT6000:6,LDR:828,Distance:76.00
TEMT6000:6,LDR:827,Distance:76.36
TEMT6000:6,LDR:826,Distance:76.24
TEMT6000:5,LDR:827,Distance:76.34
TEMT6000:7,LDR:825,Distance:76.79
TEMT6000:5,LDR:825,Distance:76.81
TEMT6000:7,LDR:823,Distance:77.25
TEMT6000:5,LDR:822,Distance:77.63
TEMT6000:5,LDR:822,Distance:78.03
TEMT6000:5,LDR:820,Distance:78.02
TEMT6000:5,LDR:819,Distance:78.88
TEMT6000:5,LDR:818,Distance:78.47
TEMT6000:7,LDR:817,Distance:79.22
TEMT6000:6,LDR:815,Distance:79.81
TEMT6000:5,LDR:815,Distance:79.32
TEMT6000:6,LDR:816,Distance:80.71
TEMT6000:7,LDR:814,Distance:80.47
TEMT6000:6,LDR:814,Distance:80.45
TEMT6000:5,LDR:812,Distance:82.41
TEMT6000:5,LDR:811,Distance:81.17
TEMT6000:5,LDR:810,Distance:83.29
TEMT6000:4,LDR:809,Distance:81.89
TEMT6000:4,LDR:810,Distance:84.07
TEMT6000:6,LDR:809,Distance:83.20
TEMT6000:6,LDR:808,Distance:83.38
TEMT6000:4,LDR:807,Distance:84.31
TEMT6000:5,LDR:806,Distance:84.17
TEMT6000:4,LDR:806,Distance:85.55
TEMT6000:4,LDR:806,Distance:82.89
TEMT6000:4,LDR:806,Distance:86.85
TEMT6000:5,LDR:804,Distance:83.29
TEMT6000:4,LDR:804,Distance:86.38
TEMT6000:4,LDR:802,Distance:88.28
TEMT6000:6,LDR:801,Distance:85.24
TEMT6000:4,LDR:800,Distance:90.69
TEMT6000:6,LDR:799,Distance:87.46
TEMT6000:5,LDR:797,Distance:94.46
TEMT6000:5,LDR:798,Distance:92.16
TEMT6000:6,LDR:797,Distance:142.08
TEMT6000:5,LDR:797,Distance:91.08
TEMT6000:5,LDR:795,Distance:89.36
TEMT6000:6,LDR:794,Distance:91.40
TEMT6000:6,LDR:793,Distance:92.08
TEMT6000:6,LDR:791,Distance:103.04
TEMT6000:6,LDR:790,Distance:174.62
TEMT6000:5,LDR:788,Distance:110.48
TEMT6000:6,LDR:788,Distance:140.17
TEMT6000:7,LDR:786,Distance:100.94
TEMT6000:7,LDR:785,Distance:97.94
TEMT6000:6,LDR:783,Distance:97.20
TEMT6000:3,LDR:782,Distance:100.84
TEMT6000:5,LDR:784,Distance:98.15
TEMT6000:7,LDR:780,Distance:97.70
TEMT6000:5,LDR:781,Distance:98.01
TEMT6000:7,LDR:780,Distance:98.38
TEMT6000:6,LDR:778,Distance:99.08
TEMT6000:6,LDR:780,Distance:98.44
TEMT6000:6,LDR:778,Distance:169.79
TEMT6000:7,LDR:776,Distance:132.65
TEMT6000:6,LDR:775,Distance:103.36
TEMT6000:6,LDR:774,Distance:112.95
TEMT6000:6,LDR:774,Distance:100.12
TEMT6000:5,LDR:772,Distance:104.21
TEMT6000:5,LDR:771,Distance:102.74
TEMT6000:6,LDR:771,Distance:99.12
TEMT6000:6,LDR:770,Distance:99.72
TEMT6000:7,LDR:768,Distance:99.97
TEMT6000:7,LDR:766,Distance:104.98
TEMT6000:7,LDR:767,Distance:99.55
TEMT6000:6,LDR:766,Distance:97.84
TEMT6000:6,LDR:764,Distance:98.20
TEMT6000:6,LDR:764,Distance:100.80
TEMT6000:6,LDR:763,Distance:99.24
TEMT6000:6,LDR:761,Distance:96.64
TEMT6000:6,LDR:761,Distance:95.17
TEMT6000:7,LDR:761,Distance:98.06
TEMT6000:6,LDR:760,Distance:95.24
TEMT6000:8,LDR:759,Distance:95.04
TEMT6000:6,LDR:758,Distance:95.49
TEMT6000:5,LDR:758,Distance:95.59
TEMT6000:5,LDR:757,Distance:95.47
TEMT6000:4,LDR:756,Distance:95.20
TEMT6000:6,LDR:754,Distance:95.11
TEMT6000:4,LDR:755,Distance:95.35
TEMT6000:4,LDR:752,Distance:95.48
TEMT6000:5,LDR:753,Distance:95.79
TEMT6000:6,LDR:752,Distance:96.28
TEMT6000:4,LDR:749,Distance:96.17
TEMT6000:4,LDR:748,Distance:96.90
TEMT6000:3,LDR:749,Distance:97.34
TEMT6000:4,LDR:748,Distance:96.81
TEMT6000:5,LDR:747,Distance:97.16
TEMT6000:5,LDR:745,Distance:97.52
TEMT6000:6,LDR:746,Distance:97.10
TEMT6000:4,LDR:745,Distance:98.03
TEMT6000:4,LDR:743,Distance:98.30
TEMT6000:3,LDR:742,Distance:98.38
TEMT6000:3,LDR:741,Distance:98.86
TEMT6000:3,LDR:739,Distance:98.83
TEMT6000:5,LDR:739,Distance:99.30
TEMT6000:4,LDR:737,Distance:99.99
TEMT6000:5,LDR:737,Distance:99.53
TEMT6000:3,LDR:735,Distance:100.29
TEMT6000:3,LDR:734,Distance:100.64
TEMT6000:3,LDR:733,Distance:101.16
TEMT6000:3,LDR:732,Distance:101.43
TEMT6000:3,LDR:730,Distance:102.38
TEMT6000:4,LDR:729,Distance:101.47
TEMT6000:3,LDR:728,Distance:102.03
TEMT6000:2,LDR:728,Distance:102.64
TEMT6000:2,LDR:726,Distance:102.86
TEMT6000:2,LDR:726,Distance:102.68
TEMT6000:2,LDR:725,Distance:102.68
TEMT6000:2,LDR:724,Distance:102.93
TEMT6000:2,LDR:723,Distance:103.29
TEMT6000:2,LDR:723,Distance:103.23
TEMT6000:1,LDR:720,Distance:104.60
TEMT6000:2,LDR:720,Distance:104.52
TEMT6000:1,LDR:719,Distance:104.79
TEMT6000:2,LDR:718,Distance:105.11
TEMT6000:2,LDR:716,Distance:105.19
TEMT6000:2,LDR:715,Distance:100.23
TEMT6000:4,LDR:714,Distance:105.65
TEMT6000:2,LDR:713,Distance:106.54
TEMT6000:2,LDR:712,Distance:106.31
TEMT6000:2,LDR:710,Distance:106.28
TEMT6000:1,LDR:710,Distance:106.48
TEMT6000:4,LDR:709,Distance:106.70
TEMT6000:2,LDR:708,Distance:108.15
TEMT6000:3,LDR:706,Distance:107.57
TEMT6000:3,LDR:705,Distance:108.51
TEMT6000:3,LDR:704,Distance:108.39
TEMT6000:4,LDR:703,Distance:108.20
TEMT6000:3,LDR:702,Distance:107.21
TEMT6000:4,LDR:702,Distance:101.53
TEMT6000:4,LDR:701,Distance:105.13
TEMT6000:5,LDR:701,Distance:109.36
TEMT6000:3,LDR:700,Distance:110.46
TEMT6000:4,LDR:699,Distance:109.54
TEMT6000:1,LDR:696,Distance:108.47
TEMT6000:1,LDR:696,Distance:110.86
TEMT6000:3,LDR:695,Distance:108.21
TEMT6000:2,LDR:694,Distance:108.27
TEMT6000:2,LDR:692,Distance:108.32
TEMT6000:3,LDR:692,Distance:108.13
TEMT6000:3,LDR:690,Distance:112.90
TEMT6000:4,LDR:690,Distance:112.68
TEMT6000:3,LDR:688,Distance:107.48
TEMT6000:3,LDR:687,Distance:109.97
TEMT6000:1,LDR:685,Distance:114.63
TEMT6000:2,LDR:685,Distance:109.97
TEMT6000:2,LDR:684,Distance:111.88
TEMT6000:2,LDR:683,Distance:114.67
TEMT6000:1,LDR:681,Distance:107.90
TEMT6000:1,LDR:680,Distance:111.15
TEMT6000:3,LDR:680,Distance:113.08
TEMT6000:2,LDR:680,Distance:114.58
TEMT6000:3,LDR:678,Distance:117.13
TEMT6000:1,LDR:676,Distance:116.87
TEMT6000:1,LDR:675,Distance:115.87
TEMT6000:1,LDR:675,Distance:107.98
TEMT6000:2,LDR:673,Distance:105.16
TEMT6000:3,LDR:672,Distance:106.23
TEMT6000:4,LDR:672,Distance:114.88
TEMT6000:2,LDR:671,Distance:113.07
TEMT6000:3,LDR:670,Distance:118.22
TEMT6000:3,LDR:668,Distance:119.49
TEMT6000:2,LDR:667,Distance:118.94
TEMT6000:1,LDR:666,Distance:104.87
TEMT6000:1,LDR:664,Distance:101.85
TEMT6000:2,LDR:664,Distance:104.41
TEMT6000:3,LDR:662,Distance:129.95
TEMT6000:1,LDR:661,Distance:97.69
TEMT6000:4,LDR:660,Distance:125.09
TEMT6000:2,LDR:660,Distance:107.76
TEMT6000:4,LDR:660,Distance:121.45
TEMT6000:4,LDR:659,Distance:120.77
TEMT6000:3,LDR:659,Distance:120.79
TEMT6000:2,LDR:659,Distance:121.53
TEMT6000:3,LDR:659,Distance:118.10
TEMT6000:3,LDR:658,Distance:110.97
TEMT6000:2,LDR:657,Distance:114.30
TEMT6000:1,LDR:656,Distance:120.46
TEMT6000:2,LDR:656,Distance:114.19
TEMT6000:2,LDR:655,Distance:117.89
TEMT6000:2,LDR:655,Distance:114.10
TEMT6000:1,LDR:653,Distance:117.05
TEMT6000:2,LDR:653,Distance:138.20
TEMT6000:3,LDR:651,Distance:103.74
TEMT6000:2,LDR:650,Distance:121.24
TEMT6000:1,LDR:649,Distance:115.95
TEMT6000:2,LDR:649,Distance:124.66
TEMT6000:2,LDR:647,Distance:119.59
TEMT6000:1,LDR:646,Distance:123.01
TEMT6000:2,LDR:646,Distance:123.13
TEMT6000:3,LDR:645,Distance:124.61
TEMT6000:1,LDR:644,Distance:123.83
TEMT6000:1,LDR:642,Distance:125.69
TEMT6000:1,LDR:644,Distance:115.92
TEMT6000:2,LDR:642,Distance:117.92
TEMT6000:2,LDR:640,Distance:116.34
TEMT6000:1,LDR:640,Distance:125.44
TEMT6000:1,LDR:640,Distance:127.49
TEMT6000:1,LDR:638,Distance:127.40
TEMT6000:1,LDR:637,Distance:120.96
TEMT6000:3,LDR:637,Distance:116.96
TEMT6000:1,LDR:635,Distance:129.87
TEMT6000:2,LDR:634,Distance:128.31
TEMT6000:2,LDR:633,Distance:129.83
TEMT6000:1,LDR:631,Distance:130.49
TEMT6000:0,LDR:631,Distance:131.43
TEMT6000:1,LDR:629,Distance:132.44
TEMT6000:1,LDR:627,Distance:137.25
