TEMT6000:0,LDR:2,Distance:-1.00
TEMT6000:0,LDR:3,Distance:283.32
TEMT6000:0,LDR:4,Distance:377.29
TEMT6000:0,LDR:4,Distance:375.41
TEMT6000:0,LDR:3,Distance:284.35
TEMT6000:0,LDR:3,Distance:374.97
TEMT6000:0,LDR:3,Distance:191.24
TEMT6000:0,LDR:3,Distance:-1.00
TEMT6000:0,LDR:3,Distance:191.25
TEMT6000:0,LDR:2,Distance:-1.00
TEMT6000:0,LDR:3,Distance:6.76
TEMT6000:0,LDR:3,Distance:-1.00
TEMT6000:0,LDR:3,Distance:201.86
TEMT6000:0,LDR:2,Distance:-1.00
TEMT6000:0,LDR:2,Distance:6.65
TEMT6000:0,LDR:2,Distance:6.77
TEMT6000:0,LDR:2,Distance:101.73
TEMT6000:0,LDR:3,Distance:191.70
TEMT6000:0,LDR:2,Distance:209.48
TEMT6000:0,LDR:2,Distance:6.65
TEMT6000:0,LDR:1,Distance:103.41
TEMT6000:0,LDR:0,Distance:99.14
TEMT6000:0,LDR:1,Distance:-1.00
TEMT6000:0,LDR:1,Distance:99.64
TEMT6000:0,LDR:2,Distance:238.67
TEMT6000:0,LDR:2,Distance:6.76
TEMT6000:0,LDR:2,Distance:96.61
TEMT6000:0,LDR:1,Distance:99.14
TEMT6000:0,LDR:1,Distance:98.25
TEMT6000:0,LDR:1,Distance:55.03
TEMT6000:0,LDR:2,Distance:-1.00
TEMT6000:0,LDR:1,Distance:53.89
TEMT6000:0,LDR:0,Distance:-1.00
TEMT6000:0,LDR:1,Distance:162.19
TEMT6000:0,LDR:1,Distance:-1.00
TEMT6000:0,LDR:0,Distance:284.59
TEMT6000:0,LDR:0,Distance:373.63
TEMT6000:0,LDR:0,Distance:99.30
TEMT6000:0,LDR:1,Distance:99.52
TEMT6000:0,LDR:0,Distance:54.37
TEMT6000:0,LDR:1,Distance:210.20
TEMT6000:0,LDR:2,Distance:101.16
TEMT6000:0,LDR:1,Distance:-1.00
TEMT6000:0,LDR:1,Distance:201.98
TEMT6000:0,LDR:2,Distance:-1.00
TEMT6000:0,LDR:0,Distance:191.29
TEMT6000:0,LDR:1,Distance:-1.00
TEMT6000:0,LDR:0,Distance:98.80
TEMT6000:0,LDR:0,Distance:6.35
TEMT6000:0,LDR:1,Distance:145.14
TEMT6000:0,LDR:1,Distance:285.48
TEMT6000:0,LDR:0,Distance:-1.00
TEMT6000:0,LDR:1,Distance:98.13
TEMT6000:0,LDR:1,Distance:6.24
TEMT6000:0,LDR:0,Distance:98.42
TEMT6000:0,LDR:1,Distance:51.84
TEMT6000:0,LDR:1,Distance:155.33
TEMT6000:0,LDR:2,Distance:99.93
TEMT6000:0,LDR:1,Distance:6.35
TEMT6000:0,LDR:1,Distance:-1.00
TEMT6000:0,LDR:1,Distance:52.86
TEMT6000:0,LDR:0,Distance:-1.00
TEMT6000:0,LDR:0,Distance:81.10
TEMT6000:0,LDR:0,Distance:170.17
TEMT6000:0,LDR:1,Distance:-1.00
TEMT6000:0,LDR:1,Distance:145.77
TEMT6000:0,LDR:0,Distance:103.79
TEMT6000:0,LDR:0,Distance:-1.00
TEMT6000:0,LDR:0,Distance:81.77
TEMT6000:0,LDR:0,Distance:102.00
TEMT6000:0,LDR:0,Distance:98.60
TEMT6000:0,LDR:1,Distance:54.82
TEMT6000:0,LDR:1,Distance:96.57
TEMT6000:0,LDR:0,Distance:54.59
TEMT6000:0,LDR:0,Distance:-1.00
TEMT6000:0,LDR:0,Distance:72.57
TEMT6000:0,LDR:0,Distance:100.28
TEMT6000:0,LDR:1,Distance:208.51
TEMT6000:0,LDR:0,Distance:6.35
TEMT6000:0,LDR:0,Distance:98.70
TEMT6000:0,LDR:0,Distance:53.99
TEMT6000:0,LDR:1,Distance:-1.00
TEMT6000:0,LDR:0,Distance:159.91
TEMT6000:0,LDR:0,Distance:-1.00
TEMT6000:0,LDR:0,Distance:70.80
TEMT6000:0,LDR:0,Distance:376.09
TEMT6000:0,LDR:1,Distance:6.24
TEMT6000:0,LDR:0,Distance:237.57
TEMT6000:0,LDR:0,Distance:6.33
TEMT6000:0,LDR:0,Distance:211.74
TEMT6000:0,LDR:1,Distance:266.15
TEMT6000:0,LDR:0,Distance:321.98
TEMT6000:0,LDR:0,Distance:375.20
TEMT6000:0,LDR:0,Distance:6.24
TEMT6000:0,LDR:1,Distance:320.77
TEMT6000:0,LDR:0,Distance:157.07
TEMT6000:0,LDR:0,Distance:322.46
TEMT6000:0,LDR:0,Distance:374.98
TEMT6000:0,LDR:1,Distance:6.65
TEMT6000:0,LDR:0,Distance:173.13
TEMT6000:0,LDR:1,Distance:6.76
TEMT6000:0,LDR:0,Distance:-1.00
TEMT6000:0,LDR:0,Distance:148.08
TEMT6000:0,LDR:0,Distance:99.78
TEMT6000:0,LDR:0,Distance:52.84
TEMT6000:0,LDR:0,Distance:239.05
TEMT6000:0,LDR:0,Distance:6.23
TEMT6000:0,LDR:0,Distance:212.02
TEMT6000:0,LDR:1,Distance:-1.00
TEMT6000:0,LDR:0,Distance:6.33
TEMT6000:0,LDR:1,Distance:-1.00
TEMT6000:0,LDR:0,Distance:253.45
TEMT6000:0,LDR:0,Distance:-1.00
TEMT6000:0,LDR:1,Distance:5.69
TEMT6000:0,LDR:0,Distance:55.40
TEMT6000:0,LDR:0,Distance:192.83
TEMT6000:0,LDR:0,Distance:-1.00
TEMT6000:0,LDR:0,Distance:100.29
TEMT6000:0,LDR:1,Distance:-1.00
TEMT6000:0,LDR:0,Distance:190.61
TEMT6000:0,LDR:0,Distance:6.24
TEMT6000:0,LDR:0,Distance:116.35
TEMT6000:0,LDR:0,Distance:191.45
TEMT6000:0,LDR:0,Distance:101.91
TEMT6000:0,LDR:0,Distance:6.35
TEMT6000:0,LDR:0,Distance:175.79
TEMT6000:0,LDR:1,Distance:-1.00
TEMT6000:0,LDR:0,Distance:169.93
TEMT6000:0,LDR:0,Distance:-1.00
TEMT6000:0,LDR:0,Distance:76.22
TEMT6000:0,LDR:0,Distance:155.04
TEMT6000:0,LDR:0,Distance:101.27
TEMT6000:0,LDR:1,Distance:-1.00
TEMT6000:0,LDR:0,Distance:71.60
TEMT6000:0,LDR:0,Distance:156.30
TEMT6000:0,LDR:0,Distance:265.57
TEMT6000:0,LDR:0,Distance:375.71
TEMT6000:0,LDR:0,Distance:376.20
TEMT6000:0,LDR:0,Distance:321.30
TEMT6000:0,LDR:0,Distance:175.10
TEMT6000:0,LDR:1,Distance:-1.00
TEMT6000:0,LDR:0,Distance:191.93
TEMT6000:0,LDR:1,Distance:299.99
TEMT6000:0,LDR:0,Distance:143.62
TEMT6000:0,LDR:1,Distance:94.35
TEMT6000:0,LDR:0,Distance:-1.00
TEMT6000:0,LDR:0,Distance:208.94
TEMT6000:0,LDR:0,Distance:97.51
TEMT6000:0,LDR:0,Distance:-1.00
TEMT6000:0,LDR:0,Distance:73.85
TEMT6000:0,LDR:0,Distance:97.74
TEMT6000:0,LDR:0,Distance:97.99
TEMT6000:0,LDR:0,Distance:96.61
TEMT6000:0,LDR:0,Distance:109.07
TEMT6000:0,LDR:0,Distance:-1.00
TEMT6000:0,LDR:0,Distance:190.75
TEMT6000:0,LDR:0,Distance:-1.00
TEMT6000:0,LDR:0,Distance:98.54
TEMT6000:0,LDR:0,Distance:100.27
TEMT6000:0,LDR:0,Distance:264.91
TEMT6000:0,LDR:0,Distance:100.26
TEMT6000:0,LDR:0,Distance:96.64
TEMT6000:0,LDR:0,Distance:374.08
TEMT6000:0,LDR:0,Distance:55.37
TEMT6000:0,LDR:0,Distance:99.54
TEMT6000:0,LDR:0,Distance:373.72
TEMT6000:0,LDR:0,Distance:52.65
TEMT6000:0,LDR:0,Distance:97.41
TEMT6000:0,LDR:0,Distance:98.16
TEMT6000:0,LDR:0,Distance:96.61
TEMT6000:0,LDR:0,Distance:96.63
TEMT6000:0,LDR:0,Distance:96.80
TEMT6000:0,LDR:0,Distance:118.15
TEMT6000:0,LDR:0,Distance:51.15
TEMT6000:0,LDR:0,Distance:94.79
TEMT6000:0,LDR:0,Distance:95.50
TEMT6000:0,LDR:0,Distance:95.61
TEMT6000:0,LDR:0,Distance:96.18
TEMT6000:0,LDR:0,Distance:95.85
TEMT6000:0,LDR:0,Distance:95.69
TEMT6000:0,LDR:0,Distance:96.41
TEMT6000:0,LDR:0,Distance:95.58
TEMT6000:0,LDR:0,Distance:95.34
TEMT6000:0,LDR:0,Distance:94.92
TEMT6000:0,LDR:0,Distance:94.99
TEMT6000:0,LDR:0,Distance:95.33
TEMT6000:0,LDR:0,Distance:95.00
TEMT6000:0,LDR:0,Distance:95.49
TEMT6000:0,LDR:0,Distance:95.36
TEMT6000:0,LDR:0,Distance:95.18
TEMT6000:0,LDR:0,Distance:95.47
TEMT6000:0,LDR:0,Distance:95.56
TEMT6000:0,LDR:0,Distance:-1.00
TEMT6000:0,LDR:0,Distance:66.25
TEMT6000:0,LDR:0,Distance:95.49
TEMT6000:0,LDR:0,Distance:94.57
TEMT6000:0,LDR:0,Distance:95.00
TEMT6000:0,LDR:0,Distance:94.28
TEMT6000:0,LDR:0,Distance:94.78
TEMT6000:0,LDR:0,Distance:94.49
TEMT6000:0,LDR:0,Distance:94.10
TEMT6000:0,LDR:0,Distance:95.48
TEMT6000:0,LDR:0,Distance:95.53
TEMT6000:0,LDR:0,Distance:95.39
TEMT6000:0,LDR:0,Distance:95.07
TEMT6000:0,LDR:0,Distance:95.30
TEMT6000:0,LDR:0,Distance:95.88
TEMT6000:0,LDR:0,Distance:95.72
TEMT6000:0,LDR:0,Distance:95.81
TEMT6000:0,LDR:0,Distance:95.65
TEMT6000:0,LDR:0,Distance:94.83
TEMT6000:0,LDR:0,Distance:95.36
TEMT6000:0,LDR:0,Distance:95.63
TEMT6000:0,LDR:0,Distance:95.78
TEMT6000:0,LDR:0,Distance:95.52
TEMT6000:0,LDR:0,Distance:95.78
TEMT6000:0,LDR:0,Distance:95.72
TEMT6000:0,LDR:0,Distance:96.22
TEMT6000:0,LDR:0,Distance:96.21
TEMT6000:0,LDR:0,Distance:95.89
TEMT6000:0,LDR:0,Distance:96.12
TEMT6000:0,LDR:0,Distance:95.71
TEMT6000:0,LDR:0,Distance:94.89
TEMT6000:0,LDR:0,Distance:95.47
TEMT6000:0,LDR:0,Distance:95.13
TEMT6000:0,LDR:0,Distance:94.93
TEMT6000:0,LDR:0,Distance:95.71
TEMT6000:0,LDR:0,Distance:95.11
TEMT6000:0,LDR:0,Distance:96.06
TEMT6000:0,LDR:0,Distance:96.13
TEMT6000:0,LDR:0,Distance:96.48
TEMT6000:0,LDR:0,Distance:96.61
TEMT6000:0,LDR:0,Distance:95.91
TEMT6000:0,LDR:0,Distance:95.81
TEMT6000:0,LDR:0,Distance:153.24
TEMT6000:0,LDR:0,Distance:95.64
TEMT6000:0,LDR:0,Distance:95.88
TEMT6000:0,LDR:0,Distance:95.86
TEMT6000:0,LDR:0,Distance:95.96
TEMT6000:0,LDR:0,Distance:94.71
TEMT6000:0,LDR:0,Distance:100.04
TEMT6000:0,LDR:0,Distance:51.36
TEMT6000:0,LDR:0,Distance:254.36
TEMT6000:0,LDR:0,Distance:99.68
TEMT6000:0,LDR:0,Distance:53.16
TEMT6000:0,LDR:0,Distance:236.47
TEMT6000:0,LDR:0,Distance:-1.00
TEMT6000:0,LDR:0,Distance:131.66
TEMT6000:0,LDR:1,Distance:199.87
TEMT6000:0,LDR:0,Distance:264.21
TEMT6000:0,LDR:0,Distance:243.12
TEMT6000:0,LDR:0,Distance:253.69
TEMT6000:0,LDR:0,Distance:100.18
TEMT6000:0,LDR:0,Distance:100.07
TEMT6000:0,LDR:0,Distance:157.33
TEMT6000:0,LDR:0,Distance:145.53
TEMT6000:0,LDR:0,Distance:200.64
TEMT6000:0,LDR:0,Distance:103.94
TEMT6000:0,LDR:0,Distance:208.03
TEMT6000:0,LDR:0,Distance:6.76
TEMT6000:0,LDR:0,Distance:210.57
TEMT6000:0,LDR:0,Distance:198.44
TEMT6000:0,LDR:1,Distance:101.33
TEMT6000:0,LDR:0,Distance:-1.00
TEMT6000:0,LDR:0,Distance:51.65
TEMT6000:0,LDR:0,Distance:6.76
TEMT6000:0,LDR:0,Distance:101.01
TEMT6000:0,LDR:0,Distance:52.51
TEMT6000:0,LDR:0,Distance:199.64
TEMT6000:0,LDR:0,Distance:97.46
TEMT6000:0,LDR:0,Distance:53.61
TEMT6000:0,LDR:0,Distance:209.82
TEMT6000:0,LDR:0,Distance:263.96
TEMT6000:0,LDR:0,Distance:-1.00
TEMT6000:0,LDR:0,Distance:101.44
TEMT6000:0,LDR:0,Distance:-1.00
TEMT6000:0,LDR:0,Distance:160.00
TEMT6000:0,LDR:0,Distance:102.03
TEMT6000:0,LDR:0,Distance:-1.00
TEMT6000:0,LDR:0,Distance:144.35
TEMT6000:0,LDR:0,Distance:95.41
TEMT6000:0,LDR:0,Distance:53.38
TEMT6000:1,LDR:0,Distance:153.28
TEMT6000:0,LDR:0,Distance:97.42
TEMT6000:0,LDR:0,Distance:97.23
TEMT6000:0,LDR:0,Distance:94.77
TEMT6000:0,LDR:0,Distance:52.58
TEMT6000:0,LDR:0,Distance:266.51
TEMT6000:0,LDR:0,Distance:209.33
TEMT6000:0,LDR:0,Distance:97.53
TEMT6000:0,LDR:0,Distance:70.19
TEMT6000:0,LDR:0,Distance:209.03
TEMT6000:0,LDR:0,Distance:152.92
TEMT6000:0,LDR:0,Distance:156.17
TEMT6000:0,LDR:0,Distance:265.22
TEMT6000:0,LDR:0,Distance:265.76
TEMT6000:0,LDR:0,Distance:267.21
TEMT6000:0,LDR:0,Distance:209.18
TEMT6000:0,LDR:0,Distance:265.03
TEMT6000:0,LDR:0,Distance:148.79
TEMT6000:0,LDR:0,Distance:210.30
TEMT6000:0,LDR:0,Distance:98.60
TEMT6000:0,LDR:0,Distance:264.33
TEMT6000:0,LDR:0,Distance:94.17
TEMT6000:0,LDR:0,Distance:57.77
TEMT6000:0,LDR:0,Distance:-1.00
TEMT6000:0,LDR:0,Distance:59.24
TEMT6000:0,LDR:0,Distance:-1.00
TEMT6000:0,LDR:0,Distance:58.82
TEMT6000:0,LDR:0,Distance:-1.00
TEMT6000:0,LDR:0,Distance:59.13
TEMT6000:0,LDR:0,Distance:6.76
TEMT6000:0,LDR:0,Distance:96.18
TEMT6000:0,LDR:0,Distance:319.70
TEMT6000:0,LDR:0,Distance:193.14
TEMT6000:0,LDR:0,Distance:-1.00
TEMT6000:0,LDR:0,Distance:249.22
TEMT6000:0,LDR:1,Distance:375.96
TEMT6000:0,LDR:0,Distance:-1.00
TEMT6000:0,LDR:0,Distance:265.18
TEMT6000:0,LDR:0,Distance:375.10
